{
  "SQL": [],
  "Getting Started": [
    "SELECT 'Hello World';\n",
    "SHOW FUNCTIONS;\n",
    "SELECT CURRENT_TIMESTAMP;\n",
    "CREATE TABLE employee_information (\n\n    emp_id INT,\n\n    name VARCHAR,\n\n    dept_id INT\n\n) WITH ( \n\n    'connector' = 'filesystem',\n\n    'path' = '/path/to/something.csv',\n\n    'format' = 'csv'\n\n);\n",
    "SELECT * from employee_information WHERE dept_id = 1;\n",
    "SELECT \n\n   dept_id,\n\n   COUNT(*) as emp_count \n\nFROM employee_information \n\nGROUP BY dept_id;\n",
    "INSERT INTO department_counts\n\nSELECT \n\n   dept_id,\n\n   COUNT(*) as emp_count \n\nFROM employee_information;\n"
  ],
  "Overview": [
    "query:\n\n    values\n\n  | WITH withItem [ , withItem ]* query\n\n  | {\n\n        select\n\n      | selectWithoutFrom\n\n      | query UNION [ ALL ] query\n\n      | query EXCEPT query\n\n      | query INTERSECT query\n\n    }\n\n    [ ORDER BY orderItem [, orderItem ]* ]\n\n    [ LIMIT { count | ALL } ]\n\n    [ OFFSET start { ROW | ROWS } ]\n\n    [ FETCH { FIRST | NEXT } [ count ] { ROW | ROWS } ONLY]\n\n\n\nwithItem:\n\n    name\n\n    [ '(' column [, column ]* ')' ]\n\n    AS '(' query ')'\n\n\n\norderItem:\n\n    expression [ ASC | DESC ]\n\n\n\nselect:\n\n    SELECT [ ALL | DISTINCT ]\n\n    { * | projectItem [, projectItem ]* }\n\n    FROM tableExpression\n\n    [ WHERE booleanExpression ]\n\n    [ GROUP BY { groupItem [, groupItem ]* } ]\n\n    [ HAVING booleanExpression ]\n\n    [ WINDOW windowName AS windowSpec [, windowName AS windowSpec ]* ]\n\n\n\nselectWithoutFrom:\n\n    SELECT [ ALL | DISTINCT ]\n\n    { * | projectItem [, projectItem ]* }\n\n\n\nprojectItem:\n\n    expression [ [ AS ] columnAlias ]\n\n  | tableAlias . *\n\n\n\ntableExpression:\n\n    tableReference [, tableReference ]*\n\n  | tableExpression [ NATURAL ] [ LEFT | RIGHT | FULL ] JOIN tableExpression [ joinCondition ]\n\n\n\njoinCondition:\n\n    ON booleanExpression\n\n  | USING '(' column [, column ]* ')'\n\n\n\ntableReference:\n\n    tablePrimary\n\n    [ matchRecognize ]\n\n    [ [ AS ] alias [ '(' columnAlias [, columnAlias ]* ')' ] ]\n\n\n\ntablePrimary:\n\n    [ TABLE ] tablePath [ dynamicTableOptions ] [systemTimePeriod] [[AS] correlationName]\n\n  | LATERAL TABLE '(' functionName '(' expression [, expression ]* ')' ')'\n\n  | [ LATERAL ] '(' query ')'\n\n  | UNNEST '(' expression ')'\n\n\n\ntablePath:\n\n    [ [ catalogName . ] databaseName . ] tableName\n\n\n\nsystemTimePeriod:\n\n    FOR SYSTEM_TIME AS OF dateTimeExpression\n\n\n\ndynamicTableOptions:\n\n    /*+ OPTIONS(key=val [, key=val]*) */\n\n\n\nkey:\n\n    stringLiteral\n\n\n\nval:\n\n    stringLiteral\n\n\n\nvalues:\n\n    VALUES expression [, expression ]*\n\n\n\ngroupItem:\n\n    expression\n\n  | '(' ')'\n\n  | '(' expression [, expression ]* ')'\n\n  | CUBE '(' expression [, expression ]* ')'\n\n  | ROLLUP '(' expression [, expression ]* ')'\n\n  | GROUPING SETS '(' groupItem [, groupItem ]* ')'\n\n\n\nwindowRef:\n\n    windowName\n\n  | windowSpec\n\n\n\nwindowSpec:\n\n    [ windowName ]\n\n    '('\n\n    [ ORDER BY orderItem [, orderItem ]* ]\n\n    [ PARTITION BY expression [, expression ]* ]\n\n    [\n\n        RANGE numericOrIntervalExpression {PRECEDING}\n\n      | ROWS numericExpression {PRECEDING}\n\n    ]\n\n    ')'\n\n\n\nmatchRecognize:\n\n    MATCH_RECOGNIZE '('\n\n    [ PARTITION BY expression [, expression ]* ]\n\n    [ ORDER BY orderItem [, orderItem ]* ]\n\n    [ MEASURES measureColumn [, measureColumn ]* ]\n\n    [ ONE ROW PER MATCH ]\n\n    [ AFTER MATCH\n\n      ( SKIP TO NEXT ROW\n\n      | SKIP PAST LAST ROW\n\n      | SKIP TO FIRST variable\n\n      | SKIP TO LAST variable\n\n      | SKIP TO variable )\n\n    ]\n\n    PATTERN '(' pattern ')'\n\n    [ WITHIN intervalLiteral ]\n\n    DEFINE variable AS condition [, variable AS condition ]*\n\n    ')'\n\n\n\nmeasureColumn:\n\n    expression AS alias\n\n\n\npattern:\n\n    patternTerm [ '|' patternTerm ]*\n\n\n\npatternTerm:\n\n    patternFactor [ patternFactor ]*\n\n\n\npatternFactor:\n\n    variable [ patternQuantifier ]\n\n\n\npatternQuantifier:\n\n    '*'\n\n  | '*?'\n\n  | '+'\n\n  | '+?'\n\n  | '?'\n\n  | '??'\n\n  | '{' { [ minRepeat ], [ maxRepeat ] } '}' ['?']\n\n  | '{' repeat '}'\n"
  ],
  "Hints": [
    "table_path /*+ OPTIONS(key=val [, key=val]*) */\n\n\n\nkey:\n\n    stringLiteral\n\nval:\n\n    stringLiteral\n",
    "\n\nCREATE TABLE kafka_table1 (id BIGINT, name STRING, age INT) WITH (...);\n\nCREATE TABLE kafka_table2 (id BIGINT, name STRING, age INT) WITH (...);\n\n\n\n-- override table options in query source\n\nselect id, name from kafka_table1 /*+ OPTIONS('scan.startup.mode'='earliest-offset') */;\n\n\n\n-- override table options in join\n\nselect * from\n\n    kafka_table1 /*+ OPTIONS('scan.startup.mode'='earliest-offset') */ t1\n\n    join\n\n    kafka_table2 /*+ OPTIONS('scan.startup.mode'='earliest-offset') */ t2\n\n    on t1.id = t2.id;\n\n\n\n-- override table options for INSERT target table\n\ninsert into kafka_table1 /*+ OPTIONS('sink.partitioner'='round-robin') */ select * from kafka_table2;\n",
    "# Query Hints:\n\nSELECT /*+ hint [, hint ] */ ...\n\n\n\nhint:\n\n        hintName\n\n    |   hintName '(' optionKey '=' optionVal [, optionKey '=' optionVal ]* ')'\n\n    |   hintName '(' hintOption [, hintOption ]* ')'\n\n\n\noptionKey:\n\n        simpleIdentifier\n\n    |   stringLiteral\n\n\n\noptionVal:\n\n        stringLiteral\n\n\n\nhintOption:\n\n        simpleIdentifier\n\n    |   numericLiteral\n\n    |   stringLiteral\n",
    "CREATE TABLE t1 (id BIGINT, name STRING, age INT) WITH (...);\n\nCREATE TABLE t2 (id BIGINT, name STRING, age INT) WITH (...);\n\nCREATE TABLE t3 (id BIGINT, name STRING, age INT) WITH (...);\n\n\n\n-- Flink will use broadcast join and t1 will be the broadcast table.\n\nSELECT /*+ BROADCAST(t1) */ * FROM t1 JOIN t2 ON t1.id = t2.id;\n\n\n\n-- Flink will use broadcast join for both joins and t1, t3 will be the broadcast table.\n\nSELECT /*+ BROADCAST(t1, t3) */ * FROM t1 JOIN t2 ON t1.id = t2.id JOIN t3 ON t1.id = t3.id;\n\n\n\n-- BROADCAST don't support non-equivalent join conditions.\n\n-- Join Hint will not work, and only nested loop join can be applied.\n\nSELECT /*+ BROADCAST(t1) */ * FROM t1 join t2 ON t1.id > t2.id;\n\n\n\n-- BROADCAST don't support full outer join.\n\n-- Join Hint will not work in this case, and the planner will choose the appropriate join strategy based on cost.\n\nSELECT /*+ BROADCAST(t1) */ * FROM t1 FULL OUTER JOIN t2 ON t1.id = t2.id;\n",
    "CREATE TABLE t1 (id BIGINT, name STRING, age INT) WITH (...);\n\nCREATE TABLE t2 (id BIGINT, name STRING, age INT) WITH (...);\n\nCREATE TABLE t3 (id BIGINT, name STRING, age INT) WITH (...);\n\n\n\n-- Flink will use hash join and t1 will be the build side.\n\nSELECT /*+ SHUFFLE_HASH(t1) */ * FROM t1 JOIN t2 ON t1.id = t2.id;\n\n\n\n-- Flink will use hash join for both joins and t1, t3 will be the join build side.\n\nSELECT /*+ SHUFFLE_HASH(t1, t3) */ * FROM t1 JOIN t2 ON t1.id = t2.id JOIN t3 ON t1.id = t3.id;\n\n\n\n-- SHUFFLE_HASH don't support non-equivalent join conditions.\n\n-- For this case, Join Hint will not work, and only nested loop join can be applied.\n\nSELECT /*+ SHUFFLE_HASH(t1) */ * FROM t1 join t2 ON t1.id > t2.id;\n",
    "CREATE TABLE t1 (id BIGINT, name STRING, age INT) WITH (...);\n\nCREATE TABLE t2 (id BIGINT, name STRING, age INT) WITH (...);\n\nCREATE TABLE t3 (id BIGINT, name STRING, age INT) WITH (...);\n\n\n\n-- Sort merge join strategy is adopted.\n\nSELECT /*+ SHUFFLE_MERGE(t1) */ * FROM t1 JOIN t2 ON t1.id = t2.id;\n\n\n\n-- Sort merge join strategy is both adopted in these two joins.\n\nSELECT /*+ SHUFFLE_MERGE(t1, t3) */ * FROM t1 JOIN t2 ON t1.id = t2.id JOIN t3 ON t1.id = t3.id;\n\n\n\n-- SHUFFLE_MERGE don't support non-equivalent join conditions.\n\n-- Join Hint will not work, and only nested loop join can be applied.\n\nSELECT /*+ SHUFFLE_MERGE(t1) */ * FROM t1 join t2 ON t1.id > t2.id;\n",
    "CREATE TABLE t1 (id BIGINT, name STRING, age INT) WITH (...);\n\nCREATE TABLE t2 (id BIGINT, name STRING, age INT) WITH (...);\n\nCREATE TABLE t3 (id BIGINT, name STRING, age INT) WITH (...);\n\n\n\n-- Flink will use nested loop join and t1 will be the build side.\n\nSELECT /*+ NEST_LOOP(t1) */ * FROM t1 JOIN t2 ON t1.id = t2.id;\n\n\n\n-- Flink will use nested loop join for both joins and t1, t3 will be the join build side.\n\nSELECT /*+ NEST_LOOP(t1, t3) */ * FROM t1 JOIN t2 ON t1.id = t2.id JOIN t3 ON t1.id = t3.id;\n",
    "-- suggest the optimizer to use sync lookup\n\nLOOKUP('table'='Customers', 'async'='false')\n\n\n\n-- suggest the optimizer to use async lookup\n\nLOOKUP('table'='Customers', 'async'='true')\n",
    "-- configure the async parameters: 'output-mode', 'capacity', 'timeout', can set single one or multi params\n\nLOOKUP('table'='Customers', 'async'='true', 'output-mode'='allow_unordered', 'capacity'='100', 'timeout'='180s')\n",
    "1. LOOKUP('table'='Customers', 'async'='true', 'output-mode'='allow_unordered')\n\n2. LOOKUP('table'='Customers', 'async'='true', 'timeout'='300s')\n",
    "1. LOOKUP('table'='Customers', 'async'='true', 'output-mode'='allow_unordered', 'capacity'='100', 'timeout'='180s')\n\n2. LOOKUP('table'='Customers', 'async'='true', 'output-mode'='ordered', 'capacity'='100', 'timeout'='300s')\n",
    "LOOKUP('table'='Customers', 'async'='true', 'retry-predicate'='lookup_miss', 'retry-strategy'='fixed_delay', 'fixed-delay'='10s','max-attempts'='3')\n",
    "LOOKUP('table'='Customers', 'async'='false', 'retry-predicate'='lookup_miss', 'retry-strategy'='fixed_delay', 'fixed-delay'='10s','max-attempts'='3')\n",
    "LOOKUP('table'='Customers', 'retry-predicate'='lookup_miss', 'retry-strategy'='fixed_delay', 'fixed-delay'='10s','max-attempts'='3')\n",
    "SELECT o.order_id, o.total, c.country, c.zip\n\nFROM Orders AS o\n\n  JOIN Customers FOR SYSTEM_TIME AS OF o.proc_time AS c\n\n    ON o.customer_id = c.id\n",
    "SELECT o.order_id, o.total, c.country, c.zip\n\nFROM Orders AS o\n\n  JOIN Customers FOR SYSTEM_TIME AS OF o.proc_time AS c\n\n    ON o.customer_id = c.id and c.country = 'US'\n",
    "CREATE TEMPORARY TABLE Customers (\n\n  id INT,\n\n  name STRING,\n\n  country STRING,\n\n  zip STRING\n\n) WITH (\n\n  'connector' = 'jdbc',\n\n  'url' = 'jdbc:mysql://mysqlhost:3306/customerdb',\n\n  'table-name' = 'customers'\n\n)\n",
    "CREATE TEMPORARY TABLE Customers (\n\n  id INT,\n\n  name STRING,\n\n  country STRING,\n\n  zip STRING,\n\n  PRIMARY KEY (id) NOT ENFORCED\n\n) WITH (\n\n  'connector' = 'hbase-2.2',\n\n  ...\n\n)\n",
    "CREATE TEMPORARY TABLE Customers (\n\n  id INT,\n\n  name STRING,\n\n  country STRING,\n\n  zip STRING,\n\n  -- the newly added time-dependent version field\n\n  update_version STRING\n\n) WITH (\n\n  'connector' = 'jdbc',\n\n  'url' = 'jdbc:mysql://mysqlhost:3306/customerdb',\n\n  'table-name' = 'customers'\n\n)\n",
    "ON o.customer_id = c.id AND DATE_FORMAT(o.order_timestamp, 'yyyy-MM-dd HH:mm') = c.update_version\n",
    "CREATE TABLE t1 (id BIGINT, name STRING, age INT) WITH (...);\n\nCREATE TABLE t2 (id BIGINT, name STRING, age INT) WITH (...);\n\nCREATE TABLE t3 (id BIGINT, name STRING, age INT) WITH (...);\n\n\n\n-- Conflict in One Same Join Hints Strategy Case\n\n\n\n-- The first hint will be chosen, t2 will be the broadcast table.\n\nSELECT /*+ BROADCAST(t2), BROADCAST(t1) */ * FROM t1 JOIN t2 ON t1.id = t2.id;\n\n\n\n-- BROADCAST(t2, t1) will be chosen, and t2 will be the broadcast table.\n\nSELECT /*+ BROADCAST(t2, t1), BROADCAST(t1, t2) */ * FROM t1 JOIN t2 ON t1.id = t2.id;\n\n\n\n-- This case equals to BROADCAST(t1, t2) + BROADCAST(t3),\n\n-- when join between t1 and t2, t1 will be the broadcast table,\n\n-- when join between the result after t1 join t2 and t3, t3 will be the broadcast table.\n\nSELECT /*+ BROADCAST(t1, t2, t3) */ * FROM t1 JOIN t2 ON t1.id = t2.id JOIN t3 ON t1.id = t3.id;\n\n\n\n\n\n-- Conflict in Different Join Hints Strategies Case\n\n\n\n-- The first Join Hint (BROADCAST(t1)) will be chosen, and t1 will be the broadcast table.\n\nSELECT /*+ BROADCAST(t1) SHUFFLE_HASH(t1) */ * FROM t1 JOIN t2 ON t1.id = t2.id;\n\n\n\n-- Although BROADCAST is first one hint, but it doesn't support full outer join,\n\n-- so the following SHUFFLE_HASH(t1) will be chosen, and t1 will be the join build side.\n\nSELECT /*+ BROADCAST(t1) SHUFFLE_HASH(t1) */ * FROM t1 FULL OUTER JOIN t2 ON t1.id = t2.id;\n\n\n\n-- Although there are two Join Hints were defined, but all of them are neither support non-equivalent join,\n\n-- so only nested loop join can be applied.\n\nSELECT /*+ BROADCAST(t1) SHUFFLE_HASH(t1) */ * FROM t1 FULL OUTER JOIN t2 ON t1.id > t2.id;\n"
  ],
  "WITH clause": [
    "WITH <with_item_definition> [ , ... ]\n\nSELECT ... FROM ...;\n\n\n\n<with_item_defintion>:\n\n    with_item_name (column_name[, ...n]) AS ( <select_query> )\n",
    "WITH orders_with_total AS (\n\n    SELECT order_id, price + tax AS total\n\n    FROM Orders\n\n)\n\nSELECT order_id, SUM(total)\n\nFROM orders_with_total\n\nGROUP BY order_id;\n"
  ],
  "SELECT & WHERE": [
    "SELECT select_list FROM table_expression [ WHERE boolean_expression ]\n",
    "SELECT * FROM Orders\n",
    "SELECT order_id, price + tax FROM Orders\n",
    "SELECT order_id, price FROM (VALUES (1, 2.0), (2, 3.1))  AS t (order_id, price)\n",
    "SELECT price + tax FROM Orders WHERE id = 10\n",
    "SELECT PRETTY_PRINT(order_id) FROM Orders\n"
  ],
  "SELECT DISTINCT": [
    "SELECT DISTINCT id FROM Orders\n"
  ],
  "Windowing TVF": [
    "TUMBLE(TABLE data, DESCRIPTOR(timecol), size [, offset ])\n",
    "-- tables must have time attribute, e.g. `bidtime` in this table\n\nFlink SQL> desc Bid;\n\n+-------------+------------------------+------+-----+--------+---------------------------------+\n\n|        name |                   type | null | key | extras |                       watermark |\n\n+-------------+------------------------+------+-----+--------+---------------------------------+\n\n|     bidtime | TIMESTAMP(3) *ROWTIME* | true |     |        | `bidtime` - INTERVAL '1' SECOND |\n\n|       price |         DECIMAL(10, 2) | true |     |        |                                 |\n\n|        item |                 STRING | true |     |        |                                 |\n\n+-------------+------------------------+------+-----+--------+---------------------------------+\n\n\n\nFlink SQL> SELECT * FROM Bid;\n\n+------------------+-------+------+\n\n|          bidtime | price | item |\n\n+------------------+-------+------+\n\n| 2020-04-15 08:05 |  4.00 | C    |\n\n| 2020-04-15 08:07 |  2.00 | A    |\n\n| 2020-04-15 08:09 |  5.00 | D    |\n\n| 2020-04-15 08:11 |  3.00 | B    |\n\n| 2020-04-15 08:13 |  1.00 | E    |\n\n| 2020-04-15 08:17 |  6.00 | F    |\n\n+------------------+-------+------+\n\n\n\nFlink SQL> SELECT * FROM TABLE(\n\n   TUMBLE(TABLE Bid, DESCRIPTOR(bidtime), INTERVAL '10' MINUTES));\n\n-- or with the named params\n\n-- note: the DATA param must be the first\n\nFlink SQL> SELECT * FROM TABLE(\n\n   TUMBLE(\n\n     DATA => TABLE Bid,\n\n     TIMECOL => DESCRIPTOR(bidtime),\n\n     SIZE => INTERVAL '10' MINUTES));\n\n+------------------+-------+------+------------------+------------------+-------------------------+\n\n|          bidtime | price | item |     window_start |       window_end |            window_time  |\n\n+------------------+-------+------+------------------+------------------+-------------------------+\n\n| 2020-04-15 08:05 |  4.00 | C    | 2020-04-15 08:00 | 2020-04-15 08:10 | 2020-04-15 08:09:59.999 |\n\n| 2020-04-15 08:07 |  2.00 | A    | 2020-04-15 08:00 | 2020-04-15 08:10 | 2020-04-15 08:09:59.999 |\n\n| 2020-04-15 08:09 |  5.00 | D    | 2020-04-15 08:00 | 2020-04-15 08:10 | 2020-04-15 08:09:59.999 |\n\n| 2020-04-15 08:11 |  3.00 | B    | 2020-04-15 08:10 | 2020-04-15 08:20 | 2020-04-15 08:19:59.999 |\n\n| 2020-04-15 08:13 |  1.00 | E    | 2020-04-15 08:10 | 2020-04-15 08:20 | 2020-04-15 08:19:59.999 |\n\n| 2020-04-15 08:17 |  6.00 | F    | 2020-04-15 08:10 | 2020-04-15 08:20 | 2020-04-15 08:19:59.999 |\n\n+------------------+-------+------+------------------+------------------+-------------------------+\n\n\n\n-- apply aggregation on the tumbling windowed table\n\nFlink SQL> SELECT window_start, window_end, SUM(price)\n\n  FROM TABLE(\n\n    TUMBLE(TABLE Bid, DESCRIPTOR(bidtime), INTERVAL '10' MINUTES))\n\n  GROUP BY window_start, window_end;\n\n+------------------+------------------+-------+\n\n|     window_start |       window_end | price |\n\n+------------------+------------------+-------+\n\n| 2020-04-15 08:00 | 2020-04-15 08:10 | 11.00 |\n\n| 2020-04-15 08:10 | 2020-04-15 08:20 | 10.00 |\n\n+------------------+------------------+-------+\n",
    "HOP(TABLE data, DESCRIPTOR(timecol), slide, size [, offset ])\n",
    "> SELECT * FROM TABLE(\n\n    HOP(TABLE Bid, DESCRIPTOR(bidtime), INTERVAL '5' MINUTES, INTERVAL '10' MINUTES));\n\n-- or with the named params\n\n-- note: the DATA param must be the first\n\n> SELECT * FROM TABLE(\n\n    HOP(\n\n      DATA => TABLE Bid,\n\n      TIMECOL => DESCRIPTOR(bidtime),\n\n      SLIDE => INTERVAL '5' MINUTES,\n\n      SIZE => INTERVAL '10' MINUTES));\n\n+------------------+-------+------+------------------+------------------+-------------------------+\n\n|          bidtime | price | item |     window_start |       window_end |           window_time   |\n\n+------------------+-------+------+------------------+------------------+-------------------------+\n\n| 2020-04-15 08:05 |  4.00 | C    | 2020-04-15 08:00 | 2020-04-15 08:10 | 2020-04-15 08:09:59.999 |\n\n| 2020-04-15 08:05 |  4.00 | C    | 2020-04-15 08:05 | 2020-04-15 08:15 | 2020-04-15 08:14:59.999 |\n\n| 2020-04-15 08:07 |  2.00 | A    | 2020-04-15 08:00 | 2020-04-15 08:10 | 2020-04-15 08:09:59.999 |\n\n| 2020-04-15 08:07 |  2.00 | A    | 2020-04-15 08:05 | 2020-04-15 08:15 | 2020-04-15 08:14:59.999 |\n\n| 2020-04-15 08:09 |  5.00 | D    | 2020-04-15 08:00 | 2020-04-15 08:10 | 2020-04-15 08:09:59.999 |\n\n| 2020-04-15 08:09 |  5.00 | D    | 2020-04-15 08:05 | 2020-04-15 08:15 | 2020-04-15 08:14:59.999 |\n\n| 2020-04-15 08:11 |  3.00 | B    | 2020-04-15 08:05 | 2020-04-15 08:15 | 2020-04-15 08:14:59.999 |\n\n| 2020-04-15 08:11 |  3.00 | B    | 2020-04-15 08:10 | 2020-04-15 08:20 | 2020-04-15 08:19:59.999 |\n\n| 2020-04-15 08:13 |  1.00 | E    | 2020-04-15 08:05 | 2020-04-15 08:15 | 2020-04-15 08:14:59.999 |\n\n| 2020-04-15 08:13 |  1.00 | E    | 2020-04-15 08:10 | 2020-04-15 08:20 | 2020-04-15 08:19:59.999 |\n\n| 2020-04-15 08:17 |  6.00 | F    | 2020-04-15 08:10 | 2020-04-15 08:20 | 2020-04-15 08:19:59.999 |\n\n| 2020-04-15 08:17 |  6.00 | F    | 2020-04-15 08:15 | 2020-04-15 08:25 | 2020-04-15 08:24:59.999 |\n\n+------------------+-------+------+------------------+------------------+-------------------------+\n\n\n\n-- apply aggregation on the hopping windowed table\n\n> SELECT window_start, window_end, SUM(price)\n\n  FROM TABLE(\n\n    HOP(TABLE Bid, DESCRIPTOR(bidtime), INTERVAL '5' MINUTES, INTERVAL '10' MINUTES))\n\n  GROUP BY window_start, window_end;\n\n+------------------+------------------+-------+\n\n|     window_start |       window_end | price |\n\n+------------------+------------------+-------+\n\n| 2020-04-15 08:00 | 2020-04-15 08:10 | 11.00 |\n\n| 2020-04-15 08:05 | 2020-04-15 08:15 | 15.00 |\n\n| 2020-04-15 08:10 | 2020-04-15 08:20 | 10.00 |\n\n| 2020-04-15 08:15 | 2020-04-15 08:25 |  6.00 |\n\n+------------------+------------------+-------+\n",
    "CUMULATE(TABLE data, DESCRIPTOR(timecol), step, size)\n",
    "> SELECT * FROM TABLE(\n\n    CUMULATE(TABLE Bid, DESCRIPTOR(bidtime), INTERVAL '2' MINUTES, INTERVAL '10' MINUTES));\n\n-- or with the named params\n\n-- note: the DATA param must be the first\n\n> SELECT * FROM TABLE(\n\n    CUMULATE(\n\n      DATA => TABLE Bid,\n\n      TIMECOL => DESCRIPTOR(bidtime),\n\n      STEP => INTERVAL '2' MINUTES,\n\n      SIZE => INTERVAL '10' MINUTES));\n\n+------------------+-------+------+------------------+------------------+-------------------------+\n\n|          bidtime | price | item |     window_start |       window_end |            window_time  |\n\n+------------------+-------+------+------------------+------------------+-------------------------+\n\n| 2020-04-15 08:05 |  4.00 | C    | 2020-04-15 08:00 | 2020-04-15 08:06 | 2020-04-15 08:05:59.999 |\n\n| 2020-04-15 08:05 |  4.00 | C    | 2020-04-15 08:00 | 2020-04-15 08:08 | 2020-04-15 08:07:59.999 |\n\n| 2020-04-15 08:05 |  4.00 | C    | 2020-04-15 08:00 | 2020-04-15 08:10 | 2020-04-15 08:09:59.999 |\n\n| 2020-04-15 08:07 |  2.00 | A    | 2020-04-15 08:00 | 2020-04-15 08:08 | 2020-04-15 08:07:59.999 |\n\n| 2020-04-15 08:07 |  2.00 | A    | 2020-04-15 08:00 | 2020-04-15 08:10 | 2020-04-15 08:09:59.999 |\n\n| 2020-04-15 08:09 |  5.00 | D    | 2020-04-15 08:00 | 2020-04-15 08:10 | 2020-04-15 08:09:59.999 |\n\n| 2020-04-15 08:11 |  3.00 | B    | 2020-04-15 08:10 | 2020-04-15 08:12 | 2020-04-15 08:11:59.999 |\n\n| 2020-04-15 08:11 |  3.00 | B    | 2020-04-15 08:10 | 2020-04-15 08:14 | 2020-04-15 08:13:59.999 |\n\n| 2020-04-15 08:11 |  3.00 | B    | 2020-04-15 08:10 | 2020-04-15 08:16 | 2020-04-15 08:15:59.999 |\n\n| 2020-04-15 08:11 |  3.00 | B    | 2020-04-15 08:10 | 2020-04-15 08:18 | 2020-04-15 08:17:59.999 |\n\n| 2020-04-15 08:11 |  3.00 | B    | 2020-04-15 08:10 | 2020-04-15 08:20 | 2020-04-15 08:19:59.999 |\n\n| 2020-04-15 08:13 |  1.00 | E    | 2020-04-15 08:10 | 2020-04-15 08:14 | 2020-04-15 08:13:59.999 |\n\n| 2020-04-15 08:13 |  1.00 | E    | 2020-04-15 08:10 | 2020-04-15 08:16 | 2020-04-15 08:15:59.999 |\n\n| 2020-04-15 08:13 |  1.00 | E    | 2020-04-15 08:10 | 2020-04-15 08:18 | 2020-04-15 08:17:59.999 |\n\n| 2020-04-15 08:13 |  1.00 | E    | 2020-04-15 08:10 | 2020-04-15 08:20 | 2020-04-15 08:19:59.999 |\n\n| 2020-04-15 08:17 |  6.00 | F    | 2020-04-15 08:10 | 2020-04-15 08:18 | 2020-04-15 08:17:59.999 |\n\n| 2020-04-15 08:17 |  6.00 | F    | 2020-04-15 08:10 | 2020-04-15 08:20 | 2020-04-15 08:19:59.999 |\n\n+------------------+-------+------+------------------+------------------+-------------------------+\n\n\n\n-- apply aggregation on the cumulating windowed table\n\n> SELECT window_start, window_end, SUM(price)\n\n  FROM TABLE(\n\n    CUMULATE(TABLE Bid, DESCRIPTOR(bidtime), INTERVAL '2' MINUTES, INTERVAL '10' MINUTES))\n\n  GROUP BY window_start, window_end;\n\n+------------------+------------------+-------+\n\n|     window_start |       window_end | price |\n\n+------------------+------------------+-------+\n\n| 2020-04-15 08:00 | 2020-04-15 08:06 |  4.00 |\n\n| 2020-04-15 08:00 | 2020-04-15 08:08 |  6.00 |\n\n| 2020-04-15 08:00 | 2020-04-15 08:10 | 11.00 |\n\n| 2020-04-15 08:10 | 2020-04-15 08:12 |  3.00 |\n\n| 2020-04-15 08:10 | 2020-04-15 08:14 |  4.00 |\n\n| 2020-04-15 08:10 | 2020-04-15 08:16 |  4.00 |\n\n| 2020-04-15 08:10 | 2020-04-15 08:18 | 10.00 |\n\n| 2020-04-15 08:10 | 2020-04-15 08:20 | 10.00 |\n\n+------------------+------------------+-------+\n",
    "-- NOTE: Currently Flink doesn't support evaluating individual window table-valued function,\n\n--  window table-valued function should be used with aggregate operation,\n\n--  this example is just used for explaining the syntax and the data produced by table-valued function.\n\nFlink SQL> SELECT * FROM TABLE(\n\n   TUMBLE(TABLE Bid, DESCRIPTOR(bidtime), INTERVAL '10' MINUTES, INTERVAL '1' MINUTES));\n\n-- or with the named params\n\n-- note: the DATA param must be the first\n\nFlink SQL> SELECT * FROM TABLE(\n\n   TUMBLE(\n\n     DATA => TABLE Bid,\n\n     TIMECOL => DESCRIPTOR(bidtime),\n\n     SIZE => INTERVAL '10' MINUTES,\n\n     OFFSET => INTERVAL '1' MINUTES));\n\n+------------------+-------+------+------------------+------------------+-------------------------+\n\n|          bidtime | price | item |     window_start |       window_end |            window_time  |\n\n+------------------+-------+------+------------------+------------------+-------------------------+\n\n| 2020-04-15 08:05 |  4.00 | C    | 2020-04-15 08:01 | 2020-04-15 08:11 | 2020-04-15 08:10:59.999 |\n\n| 2020-04-15 08:07 |  2.00 | A    | 2020-04-15 08:01 | 2020-04-15 08:11 | 2020-04-15 08:10:59.999 |\n\n| 2020-04-15 08:09 |  5.00 | D    | 2020-04-15 08:01 | 2020-04-15 08:11 | 2020-04-15 08:10:59.999 |\n\n| 2020-04-15 08:11 |  3.00 | B    | 2020-04-15 08:11 | 2020-04-15 08:21 | 2020-04-15 08:20:59.999 |\n\n| 2020-04-15 08:13 |  1.00 | E    | 2020-04-15 08:11 | 2020-04-15 08:21 | 2020-04-15 08:20:59.999 |\n\n| 2020-04-15 08:17 |  6.00 | F    | 2020-04-15 08:11 | 2020-04-15 08:21 | 2020-04-15 08:20:59.999 |\n\n+------------------+-------+------+------------------+------------------+-------------------------+\n\n\n\n-- apply aggregation on the tumbling windowed table\n\nFlink SQL> SELECT window_start, window_end, SUM(price)\n\n  FROM TABLE(\n\n    TUMBLE(TABLE Bid, DESCRIPTOR(bidtime), INTERVAL '10' MINUTES, INTERVAL '1' MINUTES))\n\n  GROUP BY window_start, window_end;\n\n+------------------+------------------+-------+\n\n|     window_start |       window_end | price |\n\n+------------------+------------------+-------+\n\n| 2020-04-15 08:01 | 2020-04-15 08:11 | 11.00 |\n\n| 2020-04-15 08:11 | 2020-04-15 08:21 | 10.00 |\n\n+------------------+------------------+-------+\n"
  ],
  "Window Aggregation": [
    "SELECT ...\n\nFROM <windowed_table> -- relation applied windowing TVF\n\nGROUP BY window_start, window_end, ...\n",
    "-- tables must have time attribute, e.g. `bidtime` in this table\n\nFlink SQL> desc Bid;\n\n+-------------+------------------------+------+-----+--------+---------------------------------+\n\n|        name |                   type | null | key | extras |                       watermark |\n\n+-------------+------------------------+------+-----+--------+---------------------------------+\n\n|     bidtime | TIMESTAMP(3) *ROWTIME* | true |     |        | `bidtime` - INTERVAL '1' SECOND |\n\n|       price |         DECIMAL(10, 2) | true |     |        |                                 |\n\n|        item |                 STRING | true |     |        |                                 |\n\n| supplier_id |                 STRING | true |     |        |                                 |\n\n+-------------+------------------------+------+-----+--------+---------------------------------+\n\n\n\nFlink SQL> SELECT * FROM Bid;\n\n+------------------+-------+------+-------------+\n\n|          bidtime | price | item | supplier_id |\n\n+------------------+-------+------+-------------+\n\n| 2020-04-15 08:05 | 4.00  | C    | supplier1   |\n\n| 2020-04-15 08:07 | 2.00  | A    | supplier1   |\n\n| 2020-04-15 08:09 | 5.00  | D    | supplier2   |\n\n| 2020-04-15 08:11 | 3.00  | B    | supplier2   |\n\n| 2020-04-15 08:13 | 1.00  | E    | supplier1   |\n\n| 2020-04-15 08:17 | 6.00  | F    | supplier2   |\n\n+------------------+-------+------+-------------+\n\n\n\n-- tumbling window aggregation\n\nFlink SQL> SELECT window_start, window_end, SUM(price)\n\n  FROM TABLE(\n\n    TUMBLE(TABLE Bid, DESCRIPTOR(bidtime), INTERVAL '10' MINUTES))\n\n  GROUP BY window_start, window_end;\n\n+------------------+------------------+-------+\n\n|     window_start |       window_end | price |\n\n+------------------+------------------+-------+\n\n| 2020-04-15 08:00 | 2020-04-15 08:10 | 11.00 |\n\n| 2020-04-15 08:10 | 2020-04-15 08:20 | 10.00 |\n\n+------------------+------------------+-------+\n\n\n\n-- hopping window aggregation\n\nFlink SQL> SELECT window_start, window_end, SUM(price)\n\n  FROM TABLE(\n\n    HOP(TABLE Bid, DESCRIPTOR(bidtime), INTERVAL '5' MINUTES, INTERVAL '10' MINUTES))\n\n  GROUP BY window_start, window_end;\n\n+------------------+------------------+-------+\n\n|     window_start |       window_end | price |\n\n+------------------+------------------+-------+\n\n| 2020-04-15 08:00 | 2020-04-15 08:10 | 11.00 |\n\n| 2020-04-15 08:05 | 2020-04-15 08:15 | 15.00 |\n\n| 2020-04-15 08:10 | 2020-04-15 08:20 | 10.00 |\n\n| 2020-04-15 08:15 | 2020-04-15 08:25 | 6.00  |\n\n+------------------+------------------+-------+\n\n\n\n-- cumulative window aggregation\n\nFlink SQL> SELECT window_start, window_end, SUM(price)\n\n  FROM TABLE(\n\n    CUMULATE(TABLE Bid, DESCRIPTOR(bidtime), INTERVAL '2' MINUTES, INTERVAL '10' MINUTES))\n\n  GROUP BY window_start, window_end;\n\n+------------------+------------------+-------+\n\n|     window_start |       window_end | price |\n\n+------------------+------------------+-------+\n\n| 2020-04-15 08:00 | 2020-04-15 08:06 | 4.00  |\n\n| 2020-04-15 08:00 | 2020-04-15 08:08 | 6.00  |\n\n| 2020-04-15 08:00 | 2020-04-15 08:10 | 11.00 |\n\n| 2020-04-15 08:10 | 2020-04-15 08:12 | 3.00  |\n\n| 2020-04-15 08:10 | 2020-04-15 08:14 | 4.00  |\n\n| 2020-04-15 08:10 | 2020-04-15 08:16 | 4.00  |\n\n| 2020-04-15 08:10 | 2020-04-15 08:18 | 10.00 |\n\n| 2020-04-15 08:10 | 2020-04-15 08:20 | 10.00 |\n\n+------------------+------------------+-------+\n",
    "Flink SQL> SELECT window_start, window_end, supplier_id, SUM(price) as price\n\n  FROM TABLE(\n\n    TUMBLE(TABLE Bid, DESCRIPTOR(bidtime), INTERVAL '10' MINUTES))\n\n  GROUP BY window_start, window_end, GROUPING SETS ((supplier_id), ());\n\n+------------------+------------------+-------------+-------+\n\n|     window_start |       window_end | supplier_id | price |\n\n+------------------+------------------+-------------+-------+\n\n| 2020-04-15 08:00 | 2020-04-15 08:10 |      (NULL) | 11.00 |\n\n| 2020-04-15 08:00 | 2020-04-15 08:10 |   supplier2 |  5.00 |\n\n| 2020-04-15 08:00 | 2020-04-15 08:10 |   supplier1 |  6.00 |\n\n| 2020-04-15 08:10 | 2020-04-15 08:20 |      (NULL) | 10.00 |\n\n| 2020-04-15 08:10 | 2020-04-15 08:20 |   supplier2 |  9.00 |\n\n| 2020-04-15 08:10 | 2020-04-15 08:20 |   supplier1 |  1.00 |\n\n+------------------+------------------+-------------+-------+\n",
    "SELECT window_start, window_end, supplier_id, SUM(price) as price\n\nFROM TABLE(\n\n    TUMBLE(TABLE Bid, DESCRIPTOR(bidtime), INTERVAL '10' MINUTES))\n\nGROUP BY window_start, window_end, ROLLUP (supplier_id);\n",
    "SELECT window_start, window_end, item, supplier_id, SUM(price) as price\n\n  FROM TABLE(\n\n    TUMBLE(TABLE Bid, DESCRIPTOR(bidtime), INTERVAL '10' MINUTES))\n\n  GROUP BY window_start, window_end, CUBE (supplier_id, item);\n\n\n\nSELECT window_start, window_end, item, supplier_id, SUM(price) as price\n\n  FROM TABLE(\n\n    TUMBLE(TABLE Bid, DESCRIPTOR(bidtime), INTERVAL '10' MINUTES))\n\n  GROUP BY window_start, window_end, GROUPING SETS (\n\n      (supplier_id, item),\n\n      (supplier_id      ),\n\n      (             item),\n\n      (                 )\n\n)\n",
    "-- tumbling 5 minutes for each supplier_id\n\nCREATE VIEW window1 AS\n\n-- Note: The window start and window end fields of inner Window TVF are optional in the select clause. However, if they appear in the clause, they need to be aliased to prevent name conflicting with the window start and window end of the outer Window TVF.\n\nSELECT window_start as window_5mintumble_start, window_end as window_5mintumble_end, window_time as rowtime, SUM(price) as partial_price\n\n  FROM TABLE(\n\n    TUMBLE(TABLE Bid, DESCRIPTOR(bidtime), INTERVAL '5' MINUTES))\n\n  GROUP BY supplier_id, window_start, window_end, window_time;\n\n\n\n-- tumbling 10 minutes on the first window\n\nSELECT window_start, window_end, SUM(partial_price) as total_price\n\n  FROM TABLE(\n\n      TUMBLE(TABLE window1, DESCRIPTOR(rowtime), INTERVAL '10' MINUTES))\n\n  GROUP BY window_start, window_end;\n",
    "CREATE TABLE Orders (\n\n  user       BIGINT,\n\n  product    STRING,\n\n  amount     INT,\n\n  order_time TIMESTAMP(3),\n\n  WATERMARK FOR order_time AS order_time - INTERVAL '1' MINUTE\n\n) WITH (...);\n\n\n\nSELECT\n\n  user,\n\n  TUMBLE_START(order_time, INTERVAL '1' DAY) AS wStart,\n\n  SUM(amount) FROM Orders\n\nGROUP BY\n\n  TUMBLE(order_time, INTERVAL '1' DAY),\n\n  user\n"
  ],
  "Group Aggregation": [
    "SELECT COUNT(*) FROM Orders\n",
    "SELECT COUNT(*)\n\nFROM Orders\n\nGROUP BY order_id\n",
    "SELECT COUNT(DISTINCT order_id) FROM Orders\n",
    "SELECT supplier_id, rating, COUNT(*) AS total\n\nFROM (VALUES\n\n    ('supplier1', 'product1', 4),\n\n    ('supplier1', 'product2', 3),\n\n    ('supplier2', 'product3', 3),\n\n    ('supplier2', 'product4', 4))\n\nAS Products(supplier_id, product_id, rating)\n\nGROUP BY GROUPING SETS ((supplier_id, rating), (supplier_id), ())\n",
    "SELECT supplier_id, rating, COUNT(*)\n\nFROM (VALUES\n\n    ('supplier1', 'product1', 4),\n\n    ('supplier1', 'product2', 3),\n\n    ('supplier2', 'product3', 3),\n\n    ('supplier2', 'product4', 4))\n\nAS Products(supplier_id, product_id, rating)\n\nGROUP BY ROLLUP (supplier_id, rating)\n",
    "SELECT supplier_id, rating, product_id, COUNT(*)\n\nFROM (VALUES\n\n    ('supplier1', 'product1', 4),\n\n    ('supplier1', 'product2', 3),\n\n    ('supplier2', 'product3', 3),\n\n    ('supplier2', 'product4', 4))\n\nAS Products(supplier_id, product_id, rating)\n\nGROUP BY CUBE (supplier_id, rating, product_id)\n\n\n\nSELECT supplier_id, rating, product_id, COUNT(*)\n\nFROM (VALUES\n\n    ('supplier1', 'product1', 4),\n\n    ('supplier1', 'product2', 3),\n\n    ('supplier2', 'product3', 3),\n\n    ('supplier2', 'product4', 4))\n\nAS Products(supplier_id, product_id, rating)\n\nGROUP BY GROUPING SET (\n\n    ( supplier_id, product_id, rating ),\n\n    ( supplier_id, product_id         ),\n\n    ( supplier_id,             rating ),\n\n    ( supplier_id                     ),\n\n    (              product_id, rating ),\n\n    (              product_id         ),\n\n    (                          rating ),\n\n    (                                 )\n\n)\n",
    "SELECT SUM(amount)\n\nFROM Orders\n\nGROUP BY users\n\nHAVING SUM(amount) > 50\n"
  ],
  "Over Aggregation": [
    "SELECT order_id, order_time, amount,\n\n  SUM(amount) OVER (\n\n    PARTITION BY product\n\n    ORDER BY order_time\n\n    RANGE BETWEEN INTERVAL '1' HOUR PRECEDING AND CURRENT ROW\n\n  ) AS one_hour_prod_amount_sum\n\nFROM Orders\n",
    "SELECT\n\n  agg_func(agg_col) OVER (\n\n    [PARTITION BY col1[, col2, ...]]\n\n    ORDER BY time_col\n\n    range_definition),\n\n  ...\n\nFROM ...\n",
    "RANGE BETWEEN INTERVAL '30' MINUTE PRECEDING AND CURRENT ROW\n",
    "ROWS BETWEEN 10 PRECEDING AND CURRENT ROW\n\nWINDOW\n",
    "SELECT order_id, order_time, amount,\n\n  SUM(amount) OVER w AS sum_amount,\n\n  AVG(amount) OVER w AS avg_amount\n\nFROM Orders\n\nWINDOW w AS (\n\n  PARTITION BY product\n\n  ORDER BY order_time\n\n  RANGE BETWEEN INTERVAL '1' HOUR PRECEDING AND CURRENT ROW)\n"
  ],
  "Joins": [
    "SELECT * FROM Orders\n\nINNER JOIN Product\n\nON Orders.productId = Product.id\n",
    "SELECT *\n\nFROM Orders\n\nINNER JOIN Product\n\nON Orders.product_id = Product.id\n",
    "SELECT *\n\nFROM Orders\n\nLEFT JOIN Product\n\nON Orders.product_id = Product.id\n\n\n\nSELECT *\n\nFROM Orders\n\nRIGHT JOIN Product\n\nON Orders.product_id = Product.id\n\n\n\nSELECT *\n\nFROM Orders\n\nFULL OUTER JOIN Product\n\nON Orders.product_id = Product.id\n",
    "SELECT *\n\nFROM Orders o, Shipments s\n\nWHERE o.id = s.order_id\n\nAND o.order_time BETWEEN s.ship_time - INTERVAL '4' HOUR AND s.ship_time\n",
    "SELECT [column_list]\n\nFROM table1 [AS <alias1>]\n\n[LEFT] JOIN table2 FOR SYSTEM_TIME AS OF table1.{ proctime | rowtime } [AS <alias2>]\n\nON table1.column-name1 = table2.column-name1\n",
    "-- Create a table of orders. This is a standard\n\n-- append-only dynamic table.\n\nCREATE TABLE orders (\n\n    order_id    STRING,\n\n    price       DECIMAL(32,2),\n\n    currency    STRING,\n\n    order_time  TIMESTAMP(3),\n\n    WATERMARK FOR order_time AS order_time - INTERVAL '15' SECOND\n\n) WITH (/* ... */);\n\n\n\n-- Define a versioned table of currency rates. \n\n-- This could be from a change-data-capture\n\n-- such as Debezium, a compacted Kafka topic, or any other\n\n-- way of defining a versioned table. \n\nCREATE TABLE currency_rates (\n\n    currency STRING,\n\n    conversion_rate DECIMAL(32, 2),\n\n    update_time TIMESTAMP(3) METADATA FROM `values.source.timestamp` VIRTUAL,\n\n    WATERMARK FOR update_time AS update_time - INTERVAL '15' SECOND,\n\n    PRIMARY KEY(currency) NOT ENFORCED\n\n) WITH (\n\n   'connector' = 'kafka',\n\n   'value.format' = 'debezium-json',\n\n   /* ... */\n\n);\n\n\n\nSELECT \n\n     order_id,\n\n     price,\n\n     orders.currency,\n\n     conversion_rate,\n\n     order_time\n\nFROM orders\n\nLEFT JOIN currency_rates FOR SYSTEM_TIME AS OF orders.order_time\n\nON orders.currency = currency_rates.currency;\n\n\n\norder_id  price  currency  conversion_rate  order_time\n\n========  =====  ========  ===============  =========\n\no_001     11.11  EUR       1.14             12:00:00\n\no_002     12.51  EUR       1.10             12:06:00\n",
    "10:15> SELECT * FROM LatestRates;\n\n\n\ncurrency   rate\n\n======== ======\n\nUS Dollar   102\n\nEuro        114\n\nYen           1\n\n\n\n10:30> SELECT * FROM LatestRates;\n\n\n\ncurrency   rate\n\n======== ======\n\nUS Dollar   102\n\nEuro        114\n\nYen           1\n\n\n\n10:52> SELECT * FROM LatestRates;\n\n\n\ncurrency   rate\n\n======== ======\n\nUS Dollar   102\n\nEuro        116     <==== changed from 114 to 116\n\nYen           1\n",
    "SELECT * FROM Orders;\n\n\n\namount currency\n\n====== =========\n\n     2 Euro             <== arrived at time 10:15\n\n     1 US Dollar        <== arrived at time 10:30\n\n     2 Euro             <== arrived at time 10:52\n",
    "SELECT\n\n  o_amount, r_rate\n\nFROM\n\n  Orders,\n\n  LATERAL TABLE (Rates(o_proctime))\n\nWHERE\n\n  r_currency = o_currency\n",
    "SELECT\n\n  o_amount, r_rate\n\nFROM\n\n  Orders,\n\n  LATERAL TABLE (Rates(o_proctime))\n\nWHERE\n\n  r_currency = o_currency\n",
    "-- Customers is backed by the JDBC connector and can be used for lookup joins\n\nCREATE TEMPORARY TABLE Customers (\n\n  id INT,\n\n  name STRING,\n\n  country STRING,\n\n  zip STRING\n\n) WITH (\n\n  'connector' = 'jdbc',\n\n  'url' = 'jdbc:mysql://mysqlhost:3306/customerdb',\n\n  'table-name' = 'customers'\n\n);\n\n\n\n-- enrich each order with customer information\n\nSELECT o.order_id, o.total, c.country, c.zip\n\nFROM Orders AS o\n\n  JOIN Customers FOR SYSTEM_TIME AS OF o.proc_time AS c\n\n    ON o.customer_id = c.id;\n",
    "SELECT order_id, tag\n\nFROM Orders CROSS JOIN UNNEST(tags) AS t (tag)\n",
    "SELECT order_id, res\n\nFROM Orders,\n\nLATERAL TABLE(table_func(order_id)) t(res)\n",
    "SELECT order_id, res\n\nFROM Orders\n\nLEFT OUTER JOIN LATERAL TABLE(table_func(order_id)) t(res)\n\n  ON TRUE\n"
  ],
  "Window JOIN": [
    "SELECT ...\n\nFROM L [LEFT|RIGHT|FULL OUTER] JOIN R -- L and R are relations applied windowing TVF\n\nON L.window_start = R.window_start AND L.window_end = R.window_end AND ...\n",
    "Flink SQL> desc LeftTable;\n\n+----------+------------------------+------+-----+--------+----------------------------------+\n\n|     name |                   type | null | key | extras |                        watermark |\n\n+----------+------------------------+------+-----+--------+----------------------------------+\n\n| row_time | TIMESTAMP(3) *ROWTIME* | true |     |        | `row_time` - INTERVAL '1' SECOND |\n\n|      num |                    INT | true |     |        |                                  |\n\n|       id |                 STRING | true |     |        |                                  |\n\n+----------+------------------------+------+-----+--------+----------------------------------+\n\n\n\nFlink SQL> SELECT * FROM LeftTable;\n\n+------------------+-----+----+\n\n|         row_time | num | id |\n\n+------------------+-----+----+\n\n| 2020-04-15 12:02 |   1 | L1 |\n\n| 2020-04-15 12:06 |   2 | L2 |\n\n| 2020-04-15 12:03 |   3 | L3 |\n\n+------------------+-----+----+\n\n\n\nFlink SQL> desc RightTable;\n\n+----------+------------------------+------+-----+--------+----------------------------------+\n\n|     name |                   type | null | key | extras |                        watermark |\n\n+----------+------------------------+------+-----+--------+----------------------------------+\n\n| row_time | TIMESTAMP(3) *ROWTIME* | true |     |        | `row_time` - INTERVAL '1' SECOND |\n\n|      num |                    INT | true |     |        |                                  |\n\n|       id |                 STRING | true |     |        |                                  |\n\n+----------+------------------------+------+-----+--------+----------------------------------+\n\n\n\nFlink SQL> SELECT * FROM RightTable;\n\n+------------------+-----+----+\n\n|         row_time | num | id |\n\n+------------------+-----+----+\n\n| 2020-04-15 12:01 |   2 | R2 |\n\n| 2020-04-15 12:04 |   3 | R3 |\n\n| 2020-04-15 12:05 |   4 | R4 |\n\n+------------------+-----+----+\n\n\n\nFlink SQL> SELECT L.num as L_Num, L.id as L_Id, R.num as R_Num, R.id as R_Id,\n\n           COALESCE(L.window_start, R.window_start) as window_start,\n\n           COALESCE(L.window_end, R.window_end) as window_end\n\n           FROM (\n\n               SELECT * FROM TABLE(TUMBLE(TABLE LeftTable, DESCRIPTOR(row_time), INTERVAL '5' MINUTES))\n\n           ) L\n\n           FULL JOIN (\n\n               SELECT * FROM TABLE(TUMBLE(TABLE RightTable, DESCRIPTOR(row_time), INTERVAL '5' MINUTES))\n\n           ) R\n\n           ON L.num = R.num AND L.window_start = R.window_start AND L.window_end = R.window_end;\n\n+-------+------+-------+------+------------------+------------------+\n\n| L_Num | L_Id | R_Num | R_Id |     window_start |       window_end |\n\n+-------+------+-------+------+------------------+------------------+\n\n|     1 |   L1 |  null | null | 2020-04-15 12:00 | 2020-04-15 12:05 |\n\n|  null | null |     2 |   R2 | 2020-04-15 12:00 | 2020-04-15 12:05 |\n\n|     3 |   L3 |     3 |   R3 | 2020-04-15 12:00 | 2020-04-15 12:05 |\n\n|     2 |   L2 |  null | null | 2020-04-15 12:05 | 2020-04-15 12:10 |\n\n|  null | null |     4 |   R4 | 2020-04-15 12:05 | 2020-04-15 12:10 |\n\n+-------+------+-------+------+------------------+------------------+\n",
    "Flink SQL> SELECT *\n\n           FROM (\n\n               SELECT * FROM TABLE(TUMBLE(TABLE LeftTable, DESCRIPTOR(row_time), INTERVAL '5' MINUTES))\n\n           ) L WHERE L.num IN (\n\n             SELECT num FROM (   \n\n               SELECT * FROM TABLE(TUMBLE(TABLE RightTable, DESCRIPTOR(row_time), INTERVAL '5' MINUTES))\n\n             ) R WHERE L.window_start = R.window_start AND L.window_end = R.window_end);\n\n+------------------+-----+----+------------------+------------------+-------------------------+\n\n|         row_time | num | id |     window_start |       window_end |            window_time  |\n\n+------------------+-----+----+------------------+------------------+-------------------------+\n\n| 2020-04-15 12:03 |   3 | L3 | 2020-04-15 12:00 | 2020-04-15 12:05 | 2020-04-15 12:04:59.999 |\n\n+------------------+-----+----+------------------+------------------+-------------------------+\n\n\n\nFlink SQL> SELECT *\n\n           FROM (\n\n               SELECT * FROM TABLE(TUMBLE(TABLE LeftTable, DESCRIPTOR(row_time), INTERVAL '5' MINUTES))\n\n           ) L WHERE EXISTS (\n\n             SELECT * FROM (\n\n               SELECT * FROM TABLE(TUMBLE(TABLE RightTable, DESCRIPTOR(row_time), INTERVAL '5' MINUTES))\n\n             ) R WHERE L.num = R.num AND L.window_start = R.window_start AND L.window_end = R.window_end);\n\n+------------------+-----+----+------------------+------------------+-------------------------+\n\n|         row_time | num | id |     window_start |       window_end |            window_time  |\n\n+------------------+-----+----+------------------+------------------+-------------------------+\n\n| 2020-04-15 12:03 |   3 | L3 | 2020-04-15 12:00 | 2020-04-15 12:05 | 2020-04-15 12:04:59.999 |\n\n+------------------+-----+----+------------------+------------------+-------------------------+\n",
    "Flink SQL> SELECT *\n\n           FROM (\n\n               SELECT * FROM TABLE(TUMBLE(TABLE LeftTable, DESCRIPTOR(row_time), INTERVAL '5' MINUTES))\n\n           ) L WHERE L.num NOT IN (\n\n             SELECT num FROM (   \n\n               SELECT * FROM TABLE(TUMBLE(TABLE RightTable, DESCRIPTOR(row_time), INTERVAL '5' MINUTES))\n\n             ) R WHERE L.window_start = R.window_start AND L.window_end = R.window_end);\n\n+------------------+-----+----+------------------+------------------+-------------------------+\n\n|         row_time | num | id |     window_start |       window_end |            window_time  |\n\n+------------------+-----+----+------------------+------------------+-------------------------+\n\n| 2020-04-15 12:02 |   1 | L1 | 2020-04-15 12:00 | 2020-04-15 12:05 | 2020-04-15 12:04:59.999 |\n\n| 2020-04-15 12:06 |   2 | L2 | 2020-04-15 12:05 | 2020-04-15 12:10 | 2020-04-15 12:09:59.999 |\n\n+------------------+-----+----+------------------+------------------+-------------------------+\n\n\n\nFlink SQL> SELECT *\n\n           FROM (\n\n               SELECT * FROM TABLE(TUMBLE(TABLE LeftTable, DESCRIPTOR(row_time), INTERVAL '5' MINUTES))\n\n           ) L WHERE NOT EXISTS (\n\n             SELECT * FROM (\n\n               SELECT * FROM TABLE(TUMBLE(TABLE RightTable, DESCRIPTOR(row_time), INTERVAL '5' MINUTES))\n\n             ) R WHERE L.num = R.num AND L.window_start = R.window_start AND L.window_end = R.window_end);\n\n+------------------+-----+----+------------------+------------------+-------------------------+\n\n|         row_time | num | id |     window_start |       window_end |            window_time  |\n\n+------------------+-----+----+------------------+------------------+-------------------------+\n\n| 2020-04-15 12:02 |   1 | L1 | 2020-04-15 12:00 | 2020-04-15 12:05 | 2020-04-15 12:04:59.999 |\n\n| 2020-04-15 12:06 |   2 | L2 | 2020-04-15 12:05 | 2020-04-15 12:10 | 2020-04-15 12:09:59.999 |\n\n+------------------+-----+----+------------------+------------------+-------------------------+\n"
  ],
  "Set Operations": [
    "Flink SQL> create view t1(s) as values ('c'), ('a'), ('b'), ('b'), ('c');\n\nFlink SQL> create view t2(s) as values ('d'), ('e'), ('a'), ('b'), ('b');\n\n\n\nFlink SQL> (SELECT s FROM t1) UNION (SELECT s FROM t2);\n\n+---+\n\n|  s|\n\n+---+\n\n|  c|\n\n|  a|\n\n|  b|\n\n|  d|\n\n|  e|\n\n+---+\n\n\n\nFlink SQL> (SELECT s FROM t1) UNION ALL (SELECT s FROM t2);\n\n+---+\n\n|  c|\n\n+---+\n\n|  c|\n\n|  a|\n\n|  b|\n\n|  b|\n\n|  c|\n\n|  d|\n\n|  e|\n\n|  a|\n\n|  b|\n\n|  b|\n\n+---+\n",
    "Flink SQL> (SELECT s FROM t1) INTERSECT (SELECT s FROM t2);\n\n+---+\n\n|  s|\n\n+---+\n\n|  a|\n\n|  b|\n\n+---+\n\n\n\nFlink SQL> (SELECT s FROM t1) INTERSECT ALL (SELECT s FROM t2);\n\n+---+\n\n|  s|\n\n+---+\n\n|  a|\n\n|  b|\n\n|  b|\n\n+---+\n",
    "Flink SQL> (SELECT s FROM t1) EXCEPT (SELECT s FROM t2);\n\n+---+\n\n| s |\n\n+---+\n\n| c |\n\n+---+\n\n\n\nFlink SQL> (SELECT s FROM t1) EXCEPT ALL (SELECT s FROM t2);\n\n+---+\n\n| s |\n\n+---+\n\n| c |\n\n| c |\n\n+---+\n",
    "SELECT user, amount\n\nFROM Orders\n\nWHERE product IN (\n\n    SELECT product FROM NewProducts\n\n)\n",
    "SELECT user, amount\n\nFROM Orders\n\nWHERE product EXISTS (\n\n    SELECT product FROM NewProducts\n\n)\n"
  ],
  "ORDER BY clause": [
    "SELECT *\n\nFROM Orders\n\nORDER BY order_time, order_id\n"
  ],
  "LIMIT clause": [
    "SELECT *\n\nFROM Orders\n\nORDER BY orderTime\n\nLIMIT 3\n"
  ],
  "Top-N": [
    "SELECT [column_list]\n\nFROM (\n\n   SELECT [column_list],\n\n     ROW_NUMBER() OVER ([PARTITION BY col1[, col2...]]\n\n       ORDER BY col1 [asc|desc][, col2 [asc|desc]...]) AS rownum\n\n   FROM table_name)\n\nWHERE rownum <= N [AND conditions]\n",
    "CREATE TABLE ShopSales (\n\n  product_id   STRING,\n\n  category     STRING,\n\n  product_name STRING,\n\n  sales        BIGINT\n\n) WITH (...);\n\n\n\nSELECT *\n\nFROM (\n\n  SELECT *,\n\n    ROW_NUMBER() OVER (PARTITION BY category ORDER BY sales DESC) AS row_num\n\n  FROM ShopSales)\n\nWHERE row_num <= 5\n",
    "CREATE TABLE ShopSales (\n\n  product_id   STRING,\n\n  category     STRING,\n\n  product_name STRING,\n\n  sales        BIGINT\n\n) WITH (...);\n\n\n\n-- omit row_num field from the output\n\nSELECT product_id, category, product_name, sales\n\nFROM (\n\n  SELECT *,\n\n    ROW_NUMBER() OVER (PARTITION BY category ORDER BY sales DESC) AS row_num\n\n  FROM ShopSales)\n\nWHERE row_num <= 5\n"
  ],
  "Window Top-N": [
    "SELECT [column_list]\n\nFROM (\n\n   SELECT [column_list],\n\n     ROW_NUMBER() OVER (PARTITION BY window_start, window_end [, col_key1...]\n\n       ORDER BY col1 [asc|desc][, col2 [asc|desc]...]) AS rownum\n\n   FROM table_name) -- relation applied windowing TVF\n\nWHERE rownum <= N [AND conditions]\n",
    "-- tables must have time attribute, e.g. `bidtime` in this table\n\nFlink SQL> desc Bid;\n\n+-------------+------------------------+------+-----+--------+---------------------------------+\n\n|        name |                   type | null | key | extras |                       watermark |\n\n+-------------+------------------------+------+-----+--------+---------------------------------+\n\n|     bidtime | TIMESTAMP(3) *ROWTIME* | true |     |        | `bidtime` - INTERVAL '1' SECOND |\n\n|       price |         DECIMAL(10, 2) | true |     |        |                                 |\n\n|        item |                 STRING | true |     |        |                                 |\n\n| supplier_id |                 STRING | true |     |        |                                 |\n\n+-------------+------------------------+------+-----+--------+---------------------------------+\n\n\n\nFlink SQL> SELECT * FROM Bid;\n\n+------------------+-------+------+-------------+\n\n|          bidtime | price | item | supplier_id |\n\n+------------------+-------+------+-------------+\n\n| 2020-04-15 08:05 |  4.00 |    A |   supplier1 |\n\n| 2020-04-15 08:06 |  4.00 |    C |   supplier2 |\n\n| 2020-04-15 08:07 |  2.00 |    G |   supplier1 |\n\n| 2020-04-15 08:08 |  2.00 |    B |   supplier3 |\n\n| 2020-04-15 08:09 |  5.00 |    D |   supplier4 |\n\n| 2020-04-15 08:11 |  2.00 |    B |   supplier3 |\n\n| 2020-04-15 08:13 |  1.00 |    E |   supplier1 |\n\n| 2020-04-15 08:15 |  3.00 |    H |   supplier2 |\n\n| 2020-04-15 08:17 |  6.00 |    F |   supplier5 |\n\n+------------------+-------+------+-------------+\n\n\n\nFlink SQL> SELECT *\n\n  FROM (\n\n    SELECT *, ROW_NUMBER() OVER (PARTITION BY window_start, window_end ORDER BY price DESC) as rownum\n\n    FROM (\n\n      SELECT window_start, window_end, supplier_id, SUM(price) as price, COUNT(*) as cnt\n\n      FROM TABLE(\n\n        TUMBLE(TABLE Bid, DESCRIPTOR(bidtime), INTERVAL '10' MINUTES))\n\n      GROUP BY window_start, window_end, supplier_id\n\n    )\n\n  ) WHERE rownum <= 3;\n\n+------------------+------------------+-------------+-------+-----+--------+\n\n|     window_start |       window_end | supplier_id | price | cnt | rownum |\n\n+------------------+------------------+-------------+-------+-----+--------+\n\n| 2020-04-15 08:00 | 2020-04-15 08:10 |   supplier1 |  6.00 |   2 |      1 |\n\n| 2020-04-15 08:00 | 2020-04-15 08:10 |   supplier4 |  5.00 |   1 |      2 |\n\n| 2020-04-15 08:00 | 2020-04-15 08:10 |   supplier2 |  4.00 |   1 |      3 |\n\n| 2020-04-15 08:10 | 2020-04-15 08:20 |   supplier5 |  6.00 |   1 |      1 |\n\n| 2020-04-15 08:10 | 2020-04-15 08:20 |   supplier2 |  3.00 |   1 |      2 |\n\n| 2020-04-15 08:10 | 2020-04-15 08:20 |   supplier3 |  2.00 |   1 |      3 |\n\n+------------------+------------------+-------------+-------+-----+--------+\n",
    "Flink SQL> SELECT *\n\n  FROM (\n\n    SELECT bidtime, price, item, supplier_id, window_start, window_end, ROW_NUMBER() OVER (PARTITION BY window_start, window_end ORDER BY price DESC) as rownum\n\n    FROM TABLE(\n\n               TUMBLE(TABLE Bid, DESCRIPTOR(bidtime), INTERVAL '10' MINUTES))\n\n  ) WHERE rownum <= 3;\n\n+------------------+-------+------+-------------+------------------+------------------+--------+\n\n|          bidtime | price | item | supplier_id |     window_start |       window_end | rownum |\n\n+------------------+-------+------+-------------+------------------+------------------+--------+\n\n| 2020-04-15 08:05 |  4.00 |    A |   supplier1 | 2020-04-15 08:00 | 2020-04-15 08:10 |      2 |\n\n| 2020-04-15 08:06 |  4.00 |    C |   supplier2 | 2020-04-15 08:00 | 2020-04-15 08:10 |      3 |\n\n| 2020-04-15 08:09 |  5.00 |    D |   supplier4 | 2020-04-15 08:00 | 2020-04-15 08:10 |      1 |\n\n| 2020-04-15 08:11 |  2.00 |    B |   supplier3 | 2020-04-15 08:10 | 2020-04-15 08:20 |      3 |\n\n| 2020-04-15 08:15 |  3.00 |    H |   supplier2 | 2020-04-15 08:10 | 2020-04-15 08:20 |      2 |\n\n| 2020-04-15 08:17 |  6.00 |    F |   supplier5 | 2020-04-15 08:10 | 2020-04-15 08:20 |      1 |\n\n+------------------+-------+------+-------------+------------------+------------------+--------+\n"
  ],
  "Deduplication": [
    "SELECT [column_list]\n\nFROM (\n\n   SELECT [column_list],\n\n     ROW_NUMBER() OVER ([PARTITION BY col1[, col2...]]\n\n       ORDER BY time_attr [asc|desc]) AS rownum\n\n   FROM table_name)\n\nWHERE rownum = 1\n",
    "CREATE TABLE Orders (\n\n  order_id  STRING,\n\n  user        STRING,\n\n  product     STRING,\n\n  num         BIGINT,\n\n  proctime AS PROCTIME()\n\n) WITH (...);\n\n\n\n-- remove duplicate rows on order_id and keep the first occurrence row,\n\n-- because there shouldn't be two orders with the same order_id.\n\nSELECT order_id, user, product, num\n\nFROM (\n\n  SELECT *,\n\n    ROW_NUMBER() OVER (PARTITION BY order_id ORDER BY proctime ASC) AS row_num\n\n  FROM Orders)\n\nWHERE row_num = 1\n"
  ],
  "Window Deduplication": [
    "SELECT [column_list]\n\nFROM (\n\n   SELECT [column_list],\n\n     ROW_NUMBER() OVER (PARTITION BY window_start, window_end [, col_key1...]\n\n       ORDER BY time_attr [asc|desc]) AS rownum\n\n   FROM table_name) -- relation applied windowing TVF\n\nWHERE (rownum = 1 | rownum <=1 | rownum < 2) [AND conditions]\n",
    "-- tables must have time attribute, e.g. `bidtime` in this table\n\nFlink SQL> DESC Bid;\n\n+-------------+------------------------+------+-----+--------+---------------------------------+\n\n|        name |                   type | null | key | extras |                       watermark |\n\n+-------------+------------------------+------+-----+--------+---------------------------------+\n\n|     bidtime | TIMESTAMP(3) *ROWTIME* | true |     |        | `bidtime` - INTERVAL '1' SECOND |\n\n|       price |         DECIMAL(10, 2) | true |     |        |                                 |\n\n|        item |                 STRING | true |     |        |                                 |\n\n+-------------+------------------------+------+-----+--------+---------------------------------+\n\n\n\nFlink SQL> SELECT * FROM Bid;\n\n+------------------+-------+------+\n\n|          bidtime | price | item |\n\n+------------------+-------+------+\n\n| 2020-04-15 08:05 |  4.00 | C    |\n\n| 2020-04-15 08:07 |  2.00 | A    |\n\n| 2020-04-15 08:09 |  5.00 | D    |\n\n| 2020-04-15 08:11 |  3.00 | B    |\n\n| 2020-04-15 08:13 |  1.00 | E    |\n\n| 2020-04-15 08:17 |  6.00 | F    |\n\n+------------------+-------+------+\n\n\n\nFlink SQL> SELECT *\n\n  FROM (\n\n    SELECT bidtime, price, item, supplier_id, window_start, window_end, \n\n      ROW_NUMBER() OVER (PARTITION BY window_start, window_end ORDER BY bidtime DESC) AS rownum\n\n    FROM TABLE(\n\n               TUMBLE(TABLE Bid, DESCRIPTOR(bidtime), INTERVAL '10' MINUTES))\n\n  ) WHERE rownum <= 1;\n\n+------------------+-------+------+-------------+------------------+------------------+--------+\n\n|          bidtime | price | item | supplier_id |     window_start |       window_end | rownum |\n\n+------------------+-------+------+-------------+------------------+------------------+--------+\n\n| 2020-04-15 08:09 |  5.00 |    D |   supplier4 | 2020-04-15 08:00 | 2020-04-15 08:10 |      1 |\n\n| 2020-04-15 08:17 |  6.00 |    F |   supplier5 | 2020-04-15 08:10 | 2020-04-15 08:20 |      1 |\n\n+------------------+-------+------+-------------+------------------+------------------+--------+\n"
  ],
  "Pattern Recognition": [
    "SELECT T.aid, T.bid, T.cid\n\nFROM MyTable\n\n    MATCH_RECOGNIZE (\n\n      PARTITION BY userid\n\n      ORDER BY proctime\n\n      MEASURES\n\n        A.id AS aid,\n\n        B.id AS bid,\n\n        C.id AS cid\n\n      PATTERN (A B C)\n\n      DEFINE\n\n        A AS name = 'a',\n\n        B AS name = 'b',\n\n        C AS name = 'c'\n\n    ) AS T\n",
    "SELECT *\n\nFROM Ticker\n\n    MATCH_RECOGNIZE (\n\n        PARTITION BY symbol\n\n        ORDER BY rowtime\n\n        MEASURES\n\n            START_ROW.rowtime AS start_tstamp,\n\n            LAST(PRICE_DOWN.rowtime) AS bottom_tstamp,\n\n            LAST(PRICE_UP.rowtime) AS end_tstamp\n\n        ONE ROW PER MATCH\n\n        AFTER MATCH SKIP TO LAST PRICE_UP\n\n        PATTERN (START_ROW PRICE_DOWN+ PRICE_UP)\n\n        DEFINE\n\n            PRICE_DOWN AS\n\n                (LAST(PRICE_DOWN.price, 1) IS NULL AND PRICE_DOWN.price < START_ROW.price) OR\n\n                    PRICE_DOWN.price < LAST(PRICE_DOWN.price, 1),\n\n            PRICE_UP AS\n\n                PRICE_UP.price > LAST(PRICE_DOWN.price, 1)\n\n    ) MR;\n",
    "SELECT *\n\nFROM Ticker\n\n    MATCH_RECOGNIZE (\n\n        PARTITION BY symbol\n\n        ORDER BY rowtime\n\n        MEASURES\n\n            FIRST(A.rowtime) AS start_tstamp,\n\n            LAST(A.rowtime) AS end_tstamp,\n\n            AVG(A.price) AS avgPrice\n\n        ONE ROW PER MATCH\n\n        AFTER MATCH SKIP PAST LAST ROW\n\n        PATTERN (A+ B)\n\n        DEFINE\n\n            A AS AVG(A.price) < 15\n\n    ) MR;\n",
    "PATTERN (A B+ C* D)\n",
    "SELECT *\n\nFROM Ticker\n\n    MATCH_RECOGNIZE(\n\n        PARTITION BY symbol\n\n        ORDER BY rowtime\n\n        MEASURES\n\n            C.price AS lastPrice\n\n        ONE ROW PER MATCH\n\n        AFTER MATCH SKIP PAST LAST ROW\n\n        PATTERN (A B* C)\n\n        DEFINE\n\n            A AS A.price > 10,\n\n            B AS B.price < 15,\n\n            C AS C.price > 12\n\n    )\n",
    "PATTERN (A B* C)\n\nDEFINE\n\n    A AS condA(),\n\n    B AS condB(),\n\n    C AS NOT condB()\n",
    "SELECT *\n\nFROM Ticker\n\n    MATCH_RECOGNIZE(\n\n        PARTITION BY symbol\n\n        ORDER BY rowtime\n\n        MEASURES\n\n            C.rowtime AS dropTime,\n\n            A.price - C.price AS dropDiff\n\n        ONE ROW PER MATCH\n\n        AFTER MATCH SKIP PAST LAST ROW\n\n        PATTERN (A B* C) WITHIN INTERVAL '1' HOUR\n\n        DEFINE\n\n            B AS B.price > A.price - 10,\n\n            C AS C.price < A.price - 10\n\n    )\n",
    "SELECT *\n\nFROM Ticker\n\n    MATCH_RECOGNIZE(\n\n        PARTITION BY symbol\n\n        ORDER BY rowtime\n\n        MEASURES\n\n            FIRST(A.price) AS startPrice,\n\n            LAST(A.price) AS topPrice,\n\n            B.price AS lastPrice\n\n        ONE ROW PER MATCH\n\n        PATTERN (A+ B)\n\n        DEFINE\n\n            A AS LAST(A.price, 1) IS NULL OR A.price > LAST(A.price, 1),\n\n            B AS B.price < LAST(A.price)\n\n    )\n",
    "PATTERN (A B+)\n\nDEFINE\n\n  A AS A.price >= 10,\n\n  B AS B.price > A.price AND SUM(price) < 100 AND SUM(B.price) < 80\n",
    "PATTERN (A B+)\n\nDEFINE\n\n  A AS A.price >= 10,\n\n  B AS (LAST(B.price, 1) IS NULL OR B.price > LAST(B.price, 1)) AND\n\n       (LAST(B.price, 2) IS NULL OR B.price > 2 * LAST(B.price, 2))\n",
    "PATTERN (A B? C)\n\nDEFINE\n\n  B AS B.price < 20,\n\n  C AS LAST(price, 1) < C.price\n",
    "SELECT *\n\nFROM Ticker\n\n    MATCH_RECOGNIZE(\n\n        PARTITION BY symbol\n\n        ORDER BY rowtime\n\n        MEASURES\n\n            SUM(A.price) AS sumPrice,\n\n            FIRST(rowtime) AS startTime,\n\n            LAST(rowtime) AS endTime\n\n        ONE ROW PER MATCH\n\n        [AFTER MATCH STRATEGY]\n\n        PATTERN (A+ C)\n\n        DEFINE\n\n            A AS SUM(A.price) < 30\n\n    )\n",
    "PATTERN (A B+ C)\n\nDEFINE\n\n  A as A.price > 10,\n\n  C as C.price > 20\n",
    "PATTERN (A B+ C)\n\nDEFINE\n\n  A as A.price > 10,\n\n  B as B.price <= 20,\n\n  C as C.price > 20\n",
    "PATTERN (A B+? C)\n\nDEFINE\n\n  A as A.price > 10,\n\n  C as C.price > 20\n"
  ],
  "CREATE Statements": [
    "Flink SQL> CREATE TABLE Orders (`user` BIGINT, product STRING, amount INT) WITH (...);\n\n[INFO] Table has been created.\n\n\n\nFlink SQL> CREATE TABLE RubberOrders (product STRING, amount INT) WITH (...);\n\n[INFO] Table has been created.\n\n\n\nFlink SQL> INSERT INTO RubberOrders SELECT product, amount FROM Orders WHERE product LIKE '%Rubber%';\n\n[INFO] Submitting SQL update statement to the cluster...\n",
    "CREATE TABLE MyTable (\n\n  `user_id` BIGINT,\n\n  `name` STRING\n\n) WITH (\n\n  ...\n\n);\n",
    "CREATE TABLE MyTable (\n\n  `user_id` BIGINT,\n\n  `name` STRING,\n\n  `record_time` TIMESTAMP_LTZ(3) METADATA FROM 'timestamp'    -- reads and writes a Kafka record's timestamp\n\n) WITH (\n\n  'connector' = 'kafka'\n\n  ...\n\n);\n",
    "INSERT INTO MyTable SELECT user_id, name, record_time + INTERVAL '1' SECOND FROM MyTable;\n",
    "CREATE TABLE MyTable (\n\n  `user_id` BIGINT,\n\n  `name` STRING,\n\n  `timestamp` TIMESTAMP_LTZ(3) METADATA    -- use column name as metadata key\n\n) WITH (\n\n  'connector' = 'kafka'\n\n  ...\n\n);\n",
    "CREATE TABLE MyTable (\n\n  `user_id` BIGINT,\n\n  `name` STRING,\n\n  `timestamp` BIGINT METADATA    -- cast the timestamp as BIGINT\n\n) WITH (\n\n  'connector' = 'kafka'\n\n  ...\n\n);\n",
    "CREATE TABLE MyTable (\n\n  `timestamp` BIGINT METADATA,       -- part of the query-to-sink schema\n\n  `offset` BIGINT METADATA VIRTUAL,  -- not part of the query-to-sink schema\n\n  `user_id` BIGINT,\n\n  `name` STRING,\n\n) WITH (\n\n  'connector' = 'kafka'\n\n  ...\n\n);\n",
    "CREATE TABLE MyTable (\n\n  `user_id` BIGINT,\n\n  `price` DOUBLE,\n\n  `quantity` DOUBLE,\n\n  `cost` AS price * quanitity,  -- evaluate expression and supply the result to queries\n\n) WITH (\n\n  'connector' = 'kafka'\n\n  ...\n\n);\n",
    "CREATE TABLE Orders (\n\n    `user` BIGINT,\n\n    product STRING,\n\n    order_time TIMESTAMP(3),\n\n    WATERMARK FOR order_time AS order_time - INTERVAL '5' SECOND\n\n) WITH ( . . . );\n",
    "CREATE TABLE Orders (\n\n    `user` BIGINT,\n\n    product STRING,\n\n    order_time TIMESTAMP(3)\n\n) WITH ( \n\n    'connector' = 'kafka',\n\n    'scan.startup.mode' = 'earliest-offset'\n\n);\n\n\n\nCREATE TABLE Orders_with_watermark (\n\n    -- Add watermark definition\n\n    WATERMARK FOR order_time AS order_time - INTERVAL '5' SECOND \n\n) WITH (\n\n    -- Overwrite the startup-mode\n\n    'scan.startup.mode' = 'latest-offset'\n\n)\n\nLIKE Orders;\n",
    "CREATE TABLE Orders_with_watermark (\n\n    `user` BIGINT,\n\n    product STRING,\n\n    order_time TIMESTAMP(3),\n\n    WATERMARK FOR order_time AS order_time - INTERVAL '5' SECOND \n\n) WITH (\n\n    'connector' = 'kafka',\n\n    'scan.startup.mode' = 'latest-offset'\n\n);\n",
    "-- A source table stored in a filesystem\n\nCREATE TABLE Orders_in_file (\n\n    `user` BIGINT,\n\n    product STRING,\n\n    order_time_string STRING,\n\n    order_time AS to_timestamp(order_time)\n\n    \n\n)\n\nPARTITIONED BY (`user`) \n\nWITH ( \n\n    'connector' = 'filesystem',\n\n    'path' = '...'\n\n);\n\n\n\n-- A corresponding table we want to store in kafka\n\nCREATE TABLE Orders_in_kafka (\n\n    -- Add watermark definition\n\n    WATERMARK FOR order_time AS order_time - INTERVAL '5' SECOND \n\n) WITH (\n\n    'connector' = 'kafka',\n\n    ...\n\n)\n\nLIKE Orders_in_file (\n\n    -- Exclude everything besides the computed columns which we need to generate the watermark for.\n\n    -- We do not want to have the partitions or filesystem options as those do not apply to kafka. \n\n    EXCLUDING ALL\n\n    INCLUDING GENERATED\n\n);\n",
    "CREATE TABLE my_ctas_table\n\nWITH (\n\n    'connector' = 'kafka',\n\n    ...\n\n)\n\nAS SELECT id, name, age FROM source_table WHERE mod(id, 10) = 0;\n",
    "CREATE TABLE my_ctas_table (\n\n    id BIGINT,\n\n    name STRING,\n\n    age INT\n\n) WITH (\n\n    'connector' = 'kafka',\n\n    ...\n\n);\n\n \n\nINSERT INTO my_ctas_table SELECT id, name, age FROM source_table WHERE mod(id, 10) = 0;\n",
    "CREATE CATALOG catalog_name\n\n  WITH (key1=val1, key2=val2, ...)\n",
    "CREATE DATABASE [IF NOT EXISTS] [catalog_name.]db_name\n\n  [COMMENT database_comment]\n\n  WITH (key1=val1, key2=val2, ...)\n",
    "CREATE [TEMPORARY] VIEW [IF NOT EXISTS] [catalog_name.][db_name.]view_name\n\n  [( columnName [, columnName ]* )] [COMMENT view_comment]\n\n  AS query_expression\n",
    "CREATE [TEMPORARY|TEMPORARY SYSTEM] FUNCTION \n\n  [IF NOT EXISTS] [catalog_name.][db_name.]function_name \n\n  AS identifier [LANGUAGE JAVA|SCALA|PYTHON] \n\n  [USING JAR '<path_to_filename>.jar' [, JAR '<path_to_filename>.jar']* ]\n"
  ],
  "DROP Statements": [
    "Flink SQL> CREATE TABLE Orders (`user` BIGINT, product STRING, amount INT) WITH (...);\n\n[INFO] Table has been created.\n\n\n\nFlink SQL> SHOW TABLES;\n\nOrders\n\n\n\nFlink SQL> DROP TABLE Orders;\n\n[INFO] Table has been removed.\n\n\n\nFlink SQL> SHOW TABLES;\n\n[INFO] Result was empty.\n",
    "DROP CATALOG [IF EXISTS] catalog_name\n",
    "DROP [TEMPORARY] TABLE [IF EXISTS] [catalog_name.][db_name.]table_name\n",
    "DROP DATABASE [IF EXISTS] [catalog_name.]db_name [ (RESTRICT | CASCADE) ]\n",
    "DROP [TEMPORARY] VIEW  [IF EXISTS] [catalog_name.][db_name.]view_name\n",
    "DROP [TEMPORARY|TEMPORARY SYSTEM] FUNCTION [IF EXISTS] [catalog_name.][db_name.]function_name;\n"
  ],
  "ALTER Statements": [
    "Flink SQL> CREATE TABLE Orders (`user` BIGINT, product STRING, amount INT) WITH (...);\n\n[INFO] Execute statement succeed.\n\n\n\nFlink SQL> ALTER TABLE Orders ADD `order` INT COMMENT 'order identifier' FIRST;\n\n[INFO] Execute statement succeed.\n\n\n\nFlink SQL> DESCRIBE Orders;\n\n+---------+--------+------+-----+--------+-----------+------------------+\n\n|    name |   type | null | key | extras | watermark |          comment |\n\n+---------+--------+------+-----+--------+-----------+------------------+\n\n|   order |    INT | TRUE |     |        |           | order identifier |\n\n|    user | BIGINT | TRUE |     |        |           |                  |\n\n| product | STRING | TRUE |     |        |           |                  |\n\n|  amount |    INT | TRUE |     |        |           |                  |\n\n+---------+--------+------+-----+--------+-----------+------------------+\n\n4 rows in set\n\n\n\nFlink SQL> ALTER TABLE Orders ADD (ts TIMESTAMP(3), category STRING AFTER product, PRIMARY KEY(`order`) NOT ENFORCED, WATERMARK FOR ts AS ts - INTERVAL '1' HOUR);\n\n[INFO] Execute statement succeed. \n\n\n\nFlink SQL> DESCRIBE Orders;\n\n+----------+------------------------+-------+------------+--------+--------------------------+------------------+\n\n|     name |                   type |  null |        key | extras |                watermark |          comment |\n\n+----------+------------------------+-------+------------+--------+--------------------------+------------------+\n\n|    order |                    INT | FALSE | PRI(order) |        |                          | order identifier |\n\n|     user |                 BIGINT |  TRUE |            |        |                          |                  |\n\n|  product |                 STRING |  TRUE |            |        |                          |                  |\n\n| category |                 STRING |  TRUE |            |        |                          |                  |\n\n|   amount |                    INT |  TRUE |            |        |                          |                  |\n\n|       ts | TIMESTAMP(3) *ROWTIME* |  TRUE |            |        | `ts` - INTERVAL '1' HOUR |                  |\n\n+----------+------------------------+-------+------------+--------+--------------------------+------------------+\n\n6 rows in set\n\n\n\nFlink SQL> ALTER TABLE Orders MODIFY (amount DOUBLE NOT NULL, category STRING COMMENT 'category identifier' AFTER `order`, WATERMARK FOR ts AS ts);\n\n[INFO] Execute statement succeed. \n\n\n\nFlink SQL> DESCRIBE Orders;\n\n+----------+------------------------+-------+------------+--------+-----------+---------------------+\n\n|     name |                   type |  null |        key | extras | watermark |             comment |\n\n+----------+------------------------+-------+------------+--------+-----------+---------------------+\n\n|    order |                    INT | FALSE | PRI(order) |        |           |    order identifier |\n\n| category |                 STRING |  TRUE |            |        |           | category identifier |\n\n|     user |                 BIGINT |  TRUE |            |        |           |                     |\n\n|  product |                 STRING |  TRUE |            |        |           |                     |\n\n|   amount |                 DOUBLE | FALSE |            |        |           |                     |\n\n|       ts | TIMESTAMP(3) *ROWTIME* |  TRUE |            |        |      `ts` |                     |\n\n+----------+------------------------+-------+------------+--------+-----------+---------------------+\n\n6 rows in set\n\n\n\nFlink SQL> ALTER TABLE Orders DROP WATERMARK;\n\n[INFO] Execute statement succeed.\n\n\n\nFlink SQL> DESCRIBE Orders;\n\n+----------+--------------+-------+------------+--------+-----------+---------------------+\n\n|     name |         type |  null |        key | extras | watermark |             comment |\n\n+----------+--------------+-------+------------+--------+-----------+---------------------+\n\n|    order |          INT | FALSE | PRI(order) |        |           |    order identifier |\n\n| category |       STRING |  TRUE |            |        |           | category identifier |\n\n|     user |       BIGINT |  TRUE |            |        |           |                     |\n\n|  product |       STRING |  TRUE |            |        |           |                     |\n\n|   amount |       DOUBLE | FALSE |            |        |           |                     |\n\n|       ts | TIMESTAMP(3) |  TRUE |            |        |           |                     |\n\n+----------+--------------+-------+------------+--------+-----------+---------------------+\n\n6 rows in set\n\n\n\nFlink SQL> ALTER TABLE Orders DROP (amount, ts, category);\n\n[INFO] Execute statement succeed.\n\n\n\nFlink SQL> DESCRIBE Orders;\n\n+---------+--------+-------+------------+--------+-----------+------------------+\n\n|    name |   type |  null |        key | extras | watermark |          comment |\n\n+---------+--------+-------+------------+--------+-----------+------------------+\n\n|   order |    INT | FALSE | PRI(order) |        |           | order identifier |\n\n|    user | BIGINT |  TRUE |            |        |           |                  |\n\n| product | STRING |  TRUE |            |        |           |                  |\n\n+---------+--------+-------+------------+--------+-----------+------------------+\n\n3 rows in set\n\n\n\nFlink SQL> ALTER TABLE Orders RENAME `order` to `order_id`;\n\n[INFO] Execute statement succeed.\n\n\n\nFlink SQL> DESCRIBE Orders;\n\n+----------+--------+-------+---------------+--------+-----------+------------------+\n\n|     name |   type |  null |           key | extras | watermark |          comment |\n\n+----------+--------+-------+---------------+--------+-----------+------------------+\n\n| order_id |    INT | FALSE | PRI(order_id) |        |           | order identifier |\n\n|     user | BIGINT |  TRUE |               |        |           |                  |\n\n|  product | STRING |  TRUE |               |        |           |                  |\n\n+----------+--------+-------+---------------+--------+-----------+------------------+\n\n3 rows in set\n\n\n\nFlink SQL> SHOW TABLES;\n\n+------------+\n\n| table name |\n\n+------------+\n\n|     Orders |\n\n+------------+\n\n1 row in set\n\n\n\nFlink SQL> ALTER TABLE Orders RENAME TO NewOrders;\n\n[INFO] Execute statement succeed.\n\n\n\nFlink SQL> SHOW TABLES;\n\n+------------+\n\n| table name |\n\n+------------+\n\n|  NewOrders |\n\n+------------+\n\n1 row in set\n",
    "-- add a new column \n\nALTER TABLE MyTable ADD category_id STRING COMMENT 'identifier of the category';\n\n\n\n-- add columns, constraint, and watermark\n\nALTER TABLE MyTable ADD (\n\n    log_ts STRING COMMENT 'log timestamp string' FIRST,\n\n    ts AS TO_TIMESTAMP(log_ts) AFTER log_ts,\n\n    PRIMARY KEY (id) NOT ENFORCED,\n\n    WATERMARK FOR ts AS ts - INTERVAL '3' SECOND\n\n);\n",
    "-- modify a column type, comment and position\n\nALTER TABLE MyTable MODIFY measurement double COMMENT 'unit is bytes per second' AFTER `id`;\n\n\n\n-- modify definition of column log_ts and ts, primary key, watermark. They must exist in table schema\n\nALTER TABLE MyTable MODIFY (\n\n    log_ts STRING COMMENT 'log timestamp string' AFTER `id`,  -- reorder columns\n\n    ts AS TO_TIMESTAMP(log_ts) AFTER log_ts,\n\n    PRIMARY KEY (id) NOT ENFORCED,\n\n    WATERMARK FOR ts AS ts -- modify watermark strategy\n\n);\n",
    "-- drop a column\n\nALTER TABLE MyTable DROP measurement;\n\n\n\n-- drop columns\n\nALTER TABLE MyTable DROP (col1, col2, col3);\n\n\n\n-- drop primary key\n\nALTER TABLE MyTable DROP PRIMARY KEY;\n\n\n\n-- drop a watermark\n\nALTER TABLE MyTable DROP WATERMARK;\n",
    "-- rename column\n\nALTER TABLE MyTable RENAME request_body TO payload;\n\n\n\n-- rename table\n\nALTER TABLE MyTable RENAME TO MyTable2;\n",
    "-- set 'rows-per-second'\n\nALTER TABLE DataGenSource SET ('rows-per-second' = '10');\n",
    "-- reset 'rows-per-second' to the default value\n\nALTER TABLE DataGenSource RESET ('rows-per-second');\n",
    "ALTER VIEW [catalog_name.][db_name.]view_name RENAME TO new_view_name\n",
    "ALTER VIEW [catalog_name.][db_name.]view_name AS new_query_expression\n",
    "ALTER DATABASE [catalog_name.]db_name SET (key1=val1, key2=val2, ...)\n",
    "ALTER [TEMPORARY|TEMPORARY SYSTEM] FUNCTION \n\n  [IF EXISTS] [catalog_name.][db_name.]function_name \n\n  AS identifier [LANGUAGE JAVA|SCALA|PYTHON]\n"
  ],
  "INSERT Statement": [
    "Flink SQL> CREATE TABLE Orders (`user` BIGINT, product STRING, amount INT) WITH (...);\n\n[INFO] Table has been created.\n\n\n\nFlink SQL> CREATE TABLE RubberOrders(product STRING, amount INT) WITH (...);\n\n\n\nFlink SQL> SHOW TABLES;\n\nOrders\n\nRubberOrders\n\n\n\nFlink SQL> INSERT INTO RubberOrders SELECT product, amount FROM Orders WHERE product LIKE '%Rubber%';\n\n[INFO] Submitting SQL update statement to the cluster...\n\n[INFO] Table update statement has been successfully submitted to the cluster:\n",
    "\n\n[EXECUTE] INSERT { INTO | OVERWRITE } [catalog_name.][db_name.]table_name [PARTITION part_spec] [column_list] select_statement\n\n\n\npart_spec:\n\n  (part_col_name1=val1 [, part_col_name2=val2, ...])\n\n\n\ncolumn_list:\n\n  (col_name1 [, column_name2, ...])\n",
    "-- Creates a partitioned table\n\nCREATE TABLE country_page_view (user STRING, cnt INT, date STRING, country STRING)\n\nPARTITIONED BY (date, country)\n\nWITH (...)\n\n\n\n-- Appends rows into the static partition (date='2019-8-30', country='China')\n\nINSERT INTO country_page_view PARTITION (date='2019-8-30', country='China')\n\n  SELECT user, cnt FROM page_view_source;\n\n  \n\n-- Key word EXECUTE can be added at the beginning of Insert to indicate explicitly that we are going to execute the statement,\n\n-- it is equivalent to Statement without the key word. \n\nEXECUTE INSERT INTO country_page_view PARTITION (date='2019-8-30', country='China')\n\n  SELECT user, cnt FROM page_view_source;\n\n\n\n-- Appends rows into partition (date, country), where date is static partition with value '2019-8-30',\n\n-- country is dynamic partition whose value is dynamic determined by each row.\n\nINSERT INTO country_page_view PARTITION (date='2019-8-30')\n\n  SELECT user, cnt, country FROM page_view_source;\n\n\n\n-- Overwrites rows into static partition (date='2019-8-30', country='China')\n\nINSERT OVERWRITE country_page_view PARTITION (date='2019-8-30', country='China')\n\n  SELECT user, cnt FROM page_view_source;\n\n\n\n-- Overwrites rows into partition (date, country), where date is static partition with value '2019-8-30',\n\n-- country is dynamic partition whose value is dynamic determined by each row.\n\nINSERT OVERWRITE country_page_view PARTITION (date='2019-8-30')\n\n  SELECT user, cnt, country FROM page_view_source;\n\n\n\n-- Appends rows into the static partition (date='2019-8-30', country='China')\n\n-- the column cnt is set to NULL\n\nINSERT INTO country_page_view PARTITION (date='2019-8-30', country='China') (user)\n\n  SELECT user FROM page_view_source;\n",
    "[EXECUTE] INSERT { INTO | OVERWRITE } [catalog_name.][db_name.]table_name VALUES values_row [, values_row ...]\n\n\n\nvalues_row:\n\n    (val1 [, val2, ...])\n",
    "\n\nCREATE TABLE students (name STRING, age INT, gpa DECIMAL(3, 2)) WITH (...);\n\n\n\nINSERT INTO students\n\n  VALUES ('fred flintstone', 35, 1.28), ('barney rubble', 32, 2.32);\n",
    "EXECUTE STATEMENT SET\n\nBEGIN\n\ninsert_statement;\n\n...\n\ninsert_statement;\n\nEND;\n\n\n\ninsert_statement:\n\n   <insert_from_select>|<insert_from_values>\n",
    "\n\nCREATE TABLE students (name STRING, age INT, gpa DECIMAL(3, 2)) WITH (...);\n\n\n\nEXECUTE STATEMENT SET\n\nBEGIN\n\nINSERT INTO students\n\n  VALUES ('fred flintstone', 35, 1.28), ('barney rubble', 32, 2.32);\n\nINSERT INTO students\n\n  VALUES ('fred flintstone', 35, 1.28), ('barney rubble', 32, 2.32);\n\nEND;\n"
  ],
  "ANALYZE Statements": [
    "Flink SQL> CREATE TABLE Store (\n\n> `id` BIGINT NOT NULl,\n\n> `location` VARCHAR(32),\n\n> `owner` VARCHAR(32)\n\n> ) with (\n\n> ...\n\n> );\n\n[INFO] Table has been created.\n\n\n\nFlink SQL> CREATE TABLE Orders (\n\n> `id` BIGINT NOT NULl,\n\n> `product` VARCHAR(32),\n\n> `amount` INT,\n\n> `sold_year` BIGINT,\n\n> `sold_month` BIGINT,\n\n> `sold_day` BIGINT   \n\n> ) PARTITIONED BY (`sold_year`, `sold_month`, `sold_day`)\n\n> ) with (\n\n> ...\n\n> );\n\n[INFO] Table has been created.\n\n\n\nFlink SQL> ANALYZE TABLE Store COMPUTE STATISTICS;\n\n[INFO] Execute statement succeed.\n\n    \n\nFlink SQL> ANALYZE TABLE Store COMPUTE STATISTICS FOR ALL COLUMNS;\n\n[INFO] Execute statement succeed.\n\n\n\nFlink SQL> ANALYZE TABLE Store COMPUTE STATISTICS FOR COLUMNS location;\n\n[INFO] Execute statement succeed.\n\n    \n\nFlink SQL> ANALYZE TABLE Orders PARTITION(sold_year='2022', sold_month='1', sold_day='10') COMPUTE STATISTICS;\n\n[INFO] Execute statement succeed.\n\n\n\nFlink SQL> ANALYZE TABLE Orders PARTITION(sold_year='2022', sold_month='1', sold_day) COMPUTE STATISTICS;\n\n[INFO] Execute statement succeed.\n\n\n\nFlink SQL> ANALYZE TABLE Orders PARTITION(sold_year, sold_month, sold_day) COMPUTE STATISTICS;\n\n[INFO] Execute statement succeed.\n\n\n\nFlink SQL> ANALYZE TABLE Orders PARTITION(sold_year='2022', sold_month='1', sold_day='10') COMPUTE STATISTICS FOR ALL COLUMNS;\n\n[INFO] Execute statement succeed.    \n\n\n\nFlink SQL> ANALYZE TABLE Orders PARTITION(sold_year='2022', sold_month='1', sold_day) COMPUTE STATISTICS FOR ALL COLUMNS;\n\n[INFO] Execute statement succeed.\n\n    \n\nFlink SQL> ANALYZE TABLE Orders PARTITION(sold_year, sold_month, sold_day) COMPUTE STATISTICS FOR ALL COLUMNS;\n\n[INFO] Execute statement succeed.\n\n    \n\nFlink SQL> ANALYZE TABLE Orders PARTITION(sold_year='2022', sold_month='1', sold_day='10') COMPUTE STATISTICS FOR COLUMNS amount;\n\n[INFO] Execute statement succeed.\n\n    \n\nFlink SQL> ANALYZE TABLE Orders PARTITION (sold_year='2022', sold_month='1', sold_day) COMPUTE STATISTICS FOR COLUMNS amount, product;\n\n[INFO] Execute statement succeed.\n\n    \n\nFlink SQL> ANALYZE TABLE Orders PARTITION(sold_year, sold_month, sold_day) COMPUTE STATISTICS FOR COLUMNS amount, product;\n\n[INFO] Execute statement succeed.\n",
    "ANALYZE TABLE [catalog_name.][db_name.]table_name PARTITION(partcol1[=val1] [, partcol2[=val2], ...]) COMPUTE STATISTICS [FOR COLUMNS col1 [, col2, ...] | FOR ALL COLUMNS]\n"
  ],
  "DESCRIBE Statements": [
    "Flink SQL> CREATE TABLE Orders (\n\n>  `user` BIGINT NOT NULl comment 'this is primary key',\n\n>  product VARCHAR(32),\n\n>  amount INT,\n\n>  ts TIMESTAMP(3) comment 'notice: watermark',\n\n>  ptime AS PROCTIME() comment 'this is a computed column',\n\n>  PRIMARY KEY(`user`) NOT ENFORCED,\n\n>  WATERMARK FOR ts AS ts - INTERVAL '1' SECONDS\n\n> ) with (\n\n>  ...\n\n> );\n\n[INFO] Table has been created.\n\n\n\nFlink SQL> DESCRIBE Orders;\n\n\n\nFlink SQL> DESC Orders;\n",
    "{ DESCRIBE | DESC } [catalog_name.][db_name.]table_name\n"
  ],
  "EXPLAIN Statements": [
    "Flink SQL> CREATE TABLE MyTable1 (`count` bigint, word VARCHAR(256)) WITH ('connector' = 'datagen');\n\n[INFO] Table has been created.\n\n\n\nFlink SQL> CREATE TABLE MyTable2 (`count` bigint, word VARCHAR(256)) WITH ('connector' = 'datagen');\n\n[INFO] Table has been created.\n\n\n\nFlink SQL> EXPLAIN PLAN FOR SELECT `count`, COUNT(word) FROM\n\n> ( SELECT `count`, word FROM MyTable1 WHERE word LIKE 'F%' \n\n>   UNION ALL \n\n>   SELECT `count`, word FROM MyTable2 ) tmp GROUP BY `count`;\n\n                                  \n\nFlink SQL> EXPLAIN ESTIMATED_COST, CHANGELOG_MODE, PLAN_ADVICE, JSON_EXECUTION_PLAN SELECT `count`, COUNT(word) FROM\n\n> ( SELECT `count`, word FROM MyTable1 WHERE word LIKE 'F%' \n\n>   UNION ALL \n\n>   SELECT `count`, word FROM MyTable2 ) tmp GROUP BY `count`;\n",
    "SET 'table.exec.mini-batch.enabled' = 'true';\n\nSET 'table.exec.mini-batch.allow-latency' = '5s';\n\nSET 'table.exec.mini-batch.size' = '200';\n\nSET 'table.optimizer.agg-phase-strategy' = 'OHE_PHASE';\n\n\n\nCREATE TABLE MyTable (\n\n  a BIGINT,\n\n  b INT NOT NULL,\n\n  c VARCHAR,\n\n  d BIGINT\n\n) WITH (\n\n  'connector' = 'values',\n\n  'bounded' = 'false');\n\n\n\nEXPLAIN PLAN_ADVICE\n\nSELECT\n\n  AVG(a) AS avg_a,\n\n  COUNT(*) AS cnt,\n\n  COUNT(b) AS cnt_b,\n\n  MIN(b) AS min_b,\n\n  MAX(c) FILTER (WHERE a > 1) AS max_c\n\nFROM MyTable;\n",
    "CREATE TABLE MyTable (\n\n  a INT,\n\n  b BIGINT,\n\n  c STRING,\n\n  d INT,\n\n  `day` AS DATE_FORMAT(CURRENT_TIMESTAMP, 'yyMMdd'),\n\n  PRIMARY KEY (a, c) NOT ENFORCED\n\n) WITH (\n\n  'connector' = 'values',\n\n  'changelog-mode' = 'I,UA,UB,D'  \n\n);\n\n\n\nCREATE TABLE MySink (\n\n a INT,\n\n b BIGINT,\n\n c STRING,\n\n PRIMARY KEY (a) NOT ENFORCED\n\n) WITH (\n\n 'connector' = 'values',\n\n 'sink-insert-only' = 'false'\n\n);\n\n\n\nEXPLAIN PLAN_ADVICE\n\nINSERT INTO MySink\n\nSELECT a, b, `day`\n\nFROM MyTable\n\nWHERE b > 100;\n",
    "CREATE TABLE MyTable (\n\n  a INT,\n\n  b BIGINT,\n\n  c STRING,\n\n  d INT\n\n) WITH (\n\n  'connector' = 'values',\n\n  'changelog-mode' = 'I'  \n\n);\n\n\n\nEXPLAIN PLAN_ADVICE\n\nSELECT * FROM MyTable WHERE b > 100;\n",
    "EXPLAIN [([ExplainDetail[, ExplainDetail]*]) | PLAN FOR] <query_statement_or_insert_statement_or_statement_set>\n\n\n\nstatement_set:\n\nEXECUTE STATEMENT SET\n\nBEGIN\n\ninsert_statement;\n\n...\n\ninsert_statement;\n\nEND;\n"
  ],
  "USE Statements": [
    "Flink SQL> CREATE CATALOG cat1 WITH (...);\n\n[INFO] Catalog has been created.\n\n\n\nFlink SQL> SHOW CATALOGS;\n\ndefault_catalog\n\ncat1\n\n\n\nFlink SQL> USE CATALOG cat1;\n\n\n\nFlink SQL> SHOW DATABASES;\n\n\n\nFlink SQL> CREATE DATABASE db1 WITH (...);\n\n[INFO] Database has been created.\n\n\n\nFlink SQL> SHOW DATABASES;\n\ndb1\n\n\n\nFlink SQL> USE db1;\n\n\n\nFlink SQL> USE MODULES hive;\n\n[INFO] Use modules succeeded!\n\nFlink SQL> SHOW FULL MODULES;\n\n+-------------+-------+\n\n| module name |  used |\n\n+-------------+-------+\n\n|        hive |  true |\n\n|        core | false |\n\n+-------------+-------+\n\n2 rows in set\n",
    "USE CATALOG catalog_name\n",
    "USE MODULES module_name1[, module_name2, ...]\n",
    "USE [catalog_name.]database_name\n"
  ],
  "SHOW Statements": [
    "\n\nFlink SQL> SHOW CATALOGS;\n\ndefault_catalog\n\n\n\nFlink SQL> SHOW DATABASES;\n\ndefault_database\n\n\n\nFlink SQL> CREATE TABLE my_table (...) WITH (...);\n\n[INFO] Table has been created.\n\n\n\nFlink SQL> SHOW TABLES;\n\nmy_table\n\n\n\nFlink SQL> SHOW CREATE TABLE my_table;\n\nCREATE TABLE `default_catalog`.`default_db`.`my_table` (\n\n  ...\n\n) WITH (\n\n  ...\n\n)\n\n\n\n\n\nFlink SQL> SHOW COLUMNS from MyUserTable LIKE '%f%';\n\n+--------+-------+------+-----+--------+-----------+\n\n|   name |  type | null | key | extras | watermark |\n\n+--------+-------+------+-----+--------+-----------+\n\n| field2 | BYTES | true |     |        |           |\n\n+--------+-------+------+-----+--------+-----------+\n\n1 row in set\n\n\n\n\n\nFlink SQL> CREATE VIEW my_view AS SELECT * from my_table;\n\n[INFO] View has been created.\n\n\n\nFlink SQL> SHOW VIEWS;\n\nmy_view\n\n\n\nFlink SQL> SHOW CREATE VIEW my_view;\n\nCREATE VIEW `default_catalog`.`default_db`.`my_view`(`field1`, `field2`, ...) as\n\nSELECT *\n\nFROM `default_catalog`.`default_database`.`my_table`\n\n\n\nFlink SQL> SHOW FUNCTIONS;\n\nmod\n\nsha256\n\n...\n\n\n\nFlink SQL> CREATE FUNCTION f1 AS ...;\n\n[INFO] Function has been created.\n\n\n\nFlink SQL> SHOW USER FUNCTIONS;\n\nf1\n\n...\n\n\n\nFlink SQL> SHOW MODULES;\n\n+-------------+\n\n| module name |\n\n+-------------+\n\n|        core |\n\n+-------------+\n\n1 row in set\n\n\n\n\n\nFlink SQL> SHOW FULL MODULES;\n\n+-------------+------+\n\n| module name | used |\n\n+-------------+------+\n\n|        core | true |\n\n+-------------+------+\n\n1 row in set\n\n\n\n\n\nFlink SQL> SHOW JARS;\n\n/path/to/addedJar.jar\n",
    "SHOW CATALOGS\n",
    "SHOW CURRENT CATALOG\n",
    "SHOW DATABASES\n",
    "SHOW CURRENT DATABASE\n",
    "SHOW TABLES [ ( FROM | IN ) [catalog_name.]database_name ] [ [NOT] LIKE <sql_like_pattern> ]\n",
    "show tables from db1;\n\n-- show tables from catalog1.db1;\n\n-- show tables in db1;\n\n-- show tables in catalog1.db1;\n\n+------------+\n\n| table name |\n\n+------------+\n\n|        dim |\n\n|     person |\n\n+------------+\n\n2 rows in set\n",
    "show tables from db1 like '%n';\n\n-- show tables from catalog1.db1 like '%n';\n\n-- show tables in db1 like '%n';\n\n-- show tables in catalog1.db1 like '%n';\n\n+------------+\n\n| table name |\n\n+------------+\n\n|     person |\n\n+------------+\n\n1 row in set\n",
    "show tables from db1 not like '%n';\n\n-- show tables from catalog1.db1 not like '%n';\n\n-- show tables in db1 not like '%n';\n\n-- show tables in catalog1.db1 not like '%n';\n\n+------------+\n\n| table name |\n\n+------------+\n\n|        dim |\n\n+------------+\n\n1 row in set\n",
    "show tables;\n\n+------------+\n\n| table name |\n\n+------------+\n\n|      items |\n\n|     orders |\n\n+------------+\n\n2 rows in set\n",
    "SHOW CREATE TABLE\n",
    "SHOW COLUMNS ( FROM | IN ) [[catalog_name.]database.]<table_name> [ [NOT] LIKE <sql_like_pattern>]\n",
    "+---------+-----------------------------+-------+-----------+---------------+----------------------------+\n\n|    name |                        type |  null |       key |        extras |                  watermark |\n\n+---------+-----------------------------+-------+-----------+---------------+----------------------------+\n\n|    user |                      BIGINT | false | PRI(user) |               |                            |\n\n| product |                 VARCHAR(32) |  true |           |               |                            |\n\n|  amount |                         INT |  true |           |               |                            |\n\n|      ts |      TIMESTAMP(3) *ROWTIME* |  true |           |               | `ts` - INTERVAL '1' SECOND |\n\n|   ptime | TIMESTAMP_LTZ(3) *PROCTIME* | false |           | AS PROCTIME() |                            |\n\n+---------+-----------------------------+-------+-----------+---------------+----------------------------+\n",
    "show columns from orders;\n\n-- show columns from database1.orders;\n\n-- show columns from catalog1.database1.orders;\n\n-- show columns in orders;\n\n-- show columns in database1.orders;\n\n-- show columns in catalog1.database1.orders;\n\n+---------+-----------------------------+-------+-----------+---------------+----------------------------+\n\n|    name |                        type |  null |       key |        extras |                  watermark |\n\n+---------+-----------------------------+-------+-----------+---------------+----------------------------+\n\n|    user |                      BIGINT | false | PRI(user) |               |                            |\n\n| product |                 VARCHAR(32) |  true |           |               |                            |\n\n|  amount |                         INT |  true |           |               |                            |\n\n|      ts |      TIMESTAMP(3) *ROWTIME* |  true |           |               | `ts` - INTERVAL '1' SECOND |\n\n|   ptime | TIMESTAMP_LTZ(3) *PROCTIME* | false |           | AS PROCTIME() |                            |\n\n+---------+-----------------------------+-------+-----------+---------------+----------------------------+\n\n5 rows in set\n",
    "show columns from orders like '%r';\n\n-- show columns from database1.orders like '%r';\n\n-- show columns from catalog1.database1.orders like '%r';\n\n-- show columns in orders like '%r';\n\n-- show columns in database1.orders like '%r';\n\n-- show columns in catalog1.database1.orders like '%r';\n\n+------+--------+-------+-----------+--------+-----------+\n\n| name |   type |  null |       key | extras | watermark |\n\n+------+--------+-------+-----------+--------+-----------+\n\n| user | BIGINT | false | PRI(user) |        |           |\n\n+------+--------+-------+-----------+--------+-----------+\n\n1 row in set\n",
    "show columns from orders not like '%_r';\n\n-- show columns from database1.orders not like '%_r';\n\n-- show columns from catalog1.database1.orders not like '%_r';\n\n-- show columns in orders not like '%_r';\n\n-- show columns in database1.orders not like '%_r';\n\n-- show columns in catalog1.database1.orders not like '%_r';\n\n+---------+-----------------------------+-------+-----+---------------+----------------------------+\n\n|    name |                        type |  null | key |        extras |                  watermark |\n\n+---------+-----------------------------+-------+-----+---------------+----------------------------+\n\n| product |                 VARCHAR(32) |  true |     |               |                            |\n\n|  amount |                         INT |  true |     |               |                            |\n\n|      ts |      TIMESTAMP(3) *ROWTIME* |  true |     |               | `ts` - INTERVAL '1' SECOND |\n\n|   ptime | TIMESTAMP_LTZ(3) *PROCTIME* | false |     | AS PROCTIME() |                            |\n\n+---------+-----------------------------+-------+-----+---------------+----------------------------+\n\n4 rows in set\n",
    "SHOW VIEWS\n",
    "SHOW CREATE VIEW [catalog_name.][db_name.]view_name\n",
    "SHOW [USER] FUNCTIONS\n",
    "SHOW [FULL] MODULES\n",
    "SHOW JARS\n"
  ],
  "LOAD Statements": [
    "Flink SQL> LOAD MODULE hive WITH ('hive-version' = '3.1.3');\n\n[INFO] Load module succeeded!\n\n\n\nFlink SQL> SHOW MODULES;\n\n+-------------+\n\n| module name |\n\n+-------------+\n\n|        core |\n\n|        hive |\n\n+-------------+\n",
    "LOAD MODULE module_name [WITH ('key1' = 'val1', 'key2' = 'val2', ...)]\n"
  ],
  "UNLOAD Statements": [
    "Flink SQL> UNLOAD MODULE core;\n\n[INFO] Unload module succeeded!\n\n\n\nFlink SQL> SHOW MODULES;\n\nEmpty set\n",
    "UNLOAD MODULE module_name\n"
  ],
  "SET Statements": [
    "Flink SQL> SET 'table.local-time-zone' = 'Europe/Berlin';\n\n[INFO] Session property has been set.\n\n\n\nFlink SQL> SET;\n\n'table.local-time-zone' = 'Europe/Berlin'\n",
    "SET ('key' = 'value')?\n"
  ],
  "RESET Statements": [
    "Flink SQL> RESET 'table.planner';\n\n[INFO] Session property has been reset.\n\n\n\nFlink SQL> RESET;\n\n[INFO] All session properties have been set to their default values.\n",
    "RESET ('key')?\n"
  ],
  "JAR Statements": [
    "Flink SQL> ADD JAR '/path/hello.jar';\n\n[INFO] Execute statement succeed.\n\n\n\nFlink SQL> ADD JAR 'hdfs:///udf/common-udf.jar';\n\n[INFO] Execute statement succeed.\n\n\n\nFlink SQL> SHOW JARS;\n\n+----------------------------+\n\n|                       jars |\n\n+----------------------------+\n\n|            /path/hello.jar |\n\n| hdfs:///udf/common-udf.jar |\n\n+----------------------------+\n\n\n\nFlink SQL> REMOVE JAR '/path/hello.jar';\n\n[INFO] The specified jar is removed from session classloader.\n",
    "ADD JAR '<path_to_filename>.jar'\n",
    "SHOW JARS\n",
    "REMOVE JAR '<path_to_filename>.jar'\n"
  ]
}